"I practice to the point that it's uncomfortable how hard I go, that way in a game things slow down - Stephen Curry htt ",-0.32944444444444454,0.526111111111111
Under Armour UA Stephen Curry One 1 Home Size 14 Dub Nation Jordan Foamposite,0.0,0.0
Devastated Stephen Curry Discovers Context Of Philippians 4:13 via,0.0,0.0
Stephen Curry,0.0,0.0
Stephen Curry,0.0,0.0
Remember the 6 players drafted ahead of Steph Curry? #DubNation,0.0,0.0
One Thing You Didn t Know About Stephen Curry,0.0,0.0
When You Think You Stephen Curry   @StephenCurry30 give me some lessons   ,0.0,0.0
"OKC meets with Kevin Durant; Warriors up next: All-Stars Stephen Curry, Draymond Green and Klay Thompson are ...",-0.1,0.15
Stephen curry I keep that 30 on me   ,0.0,0.0
Why Stephen curry always point in the air after ever shot in a game why,-0.4,0.4
34. Stephen. Curry.,0.0,0.0
Stuff Curry vs. Stephen Curry.,0.0,0.0
I added a video to a playlist Stephen Curry Full Highlights 2015 WCF G4 at Rockets - 23 Pts After,0.35,0.55
I added a video to a playlist Stephen Curry Full Highlights 2016 Playoffs Rd1 Game 1 vs Rockets - 24,-0.025000000000000022,0.47500000000000003
"I added a video to a playlist Stephen Curry Full Highlights 2015.11.30 at Jazz - 26 Pts, 6 Rebs, 5",0.35,0.55
"I added a video to a playlist Stephen Curry Full Highlights 2016.04.13 vs Grizzlies - NASTY 46 Pts,",-0.325,0.775
"I added a video to a playlist Stephen Curry Full Highlights 2015 Finals G2 vs Cavaliers - 19 Pts, 5",0.35,0.55
I added a video to a playlist Stephen Curry vs Chris Paul Full Highlights 2015.03.08 - NASTY Moves,-0.325,0.775
"I added a video to a playlist Stephen Curry vs Chris Paul Elite PG Duel 2015.11.04 - 55 Pts, 13",0.0,0.0
"I added a video to a playlist Stephen Curry Full Highlights 2016.03.30 at Jazz - 31 Pts, 7 Rebs, 4",0.35,0.55
"I added a video to a playlist Stephen Curry Full Highlights 2015.12.25 vs Cavaliers - 19 Pts, 7 Rebs,",0.35,0.55
"I added a video to a playlist Stephen Curry Full Highlights 2015 WCF G3 at Rockets - NASTY 40 Pts,",-0.325,0.775
I added a video to a playlist Stephen Curry Full Highlights 2016 WCSF Game 4 at Blazers - AMAZING 40,0.18333333333333335,0.6166666666666667
Stephen Curry is a contender for the ESPY athlete of the year! #MVP,0.0,0.0
Stephen Curry is a contender for the ESPY athlete of the year! #MVP,0.0,0.0
Michael JORDAN vs Stephen CURRY's Dad Dell CURRY! #Homebody x (MJ 43 Points &amp; Game W... via,-0.4,0.4
Stephen Curry is a contender for the ESPY athlete of the year! #MVP,0.0,0.0
Stephen Curry via,0.0,0.0
Stephen Curry is a contender for the ESPY athlete of the year! #MVP,0.0,0.0
Stephen Curry is a contender for the ESPY athlete of the year! #MVP,0.0,0.0
34. Stephen. Curry.,0.0,0.0
Stephen Curry is a contender for the ESPY athlete of the year! #MVP,0.0,0.0
Stephen Curry is a contender for the ESPY athlete of the year! #MVP,0.0,0.0
Lebron James or Stephen Curry,0.0,0.0
34. Stephen. Curry.,0.0,0.0
#basketball Stephen Curry best plays 2015 (NBA) - # #Retweet,1.0,0.3
34. Stephen. Curry.,0.0,0.0
34. Stephen. Curry.,0.0,0.0
Custom Stephen Curry Basketball Series Iphone 5C Case JN5C-1205,0.0,0.0
Stephen Curry is a contender for the ESPY athlete of the year! #MVP,0.0,0.0
34. Stephen. Curry.,0.0,0.0
34. Stephen. Curry.,0.0,0.0
Stephen Curry is a contender for the ESPY athlete of the year! #MVP,0.0,0.0
"Even if the movie is over 20 years old, watching Tim Curry as Pennywise the Clown in Stephen King's IT is still scary as hell.",-0.2,0.6
34. Stephen. Curry.,0.0,0.0
"Class of 2017 G Myles Cale, who committed to Seton Hall, is impressing Stephen Curry's camp. Thnx https: ",0.0,0.0
Stephen Curry is a contender for the ESPY athlete of the year! #MVP,0.0,0.0
No chill from LeBron's old friend     ,0.1,0.2
"Class of 2017 G Myles Cale, who committed to Seton Hall, is impressing Stephen Curry's camp. Thnx https: ",0.0,0.0
Stephen Curry is a contender for the ESPY athlete of the year! #MVP,0.0,0.0
34. Stephen. Curry.,0.0,0.0
Stephen Curry is a contender for the ESPY athlete of the year! #MVP,0.0,0.0
#DubNation #Warriors Authentic Finals Jersey Golden State Warriors Stephen Curry Pro Cut... #LetsGoWarriors #GSW,0.4,0.625
Stephen Curry is a contender for the ESPY athlete of the year! #MVP,0.0,0.0
#StephCurry #Dubs STEPHEN CURRY ROOKIE LOT RC UPPER DECK 31 ROOKIE CARDS IN TOTAL NM Conditi... #StephGonnaSteph,0.0,0.375
#StephCurry #Dubs Stephen Curry 2013-14 National Treasures BGS 9.5 #32/99 RARE: $325.00End ... #StephGonnaSteph,0.3,0.9
Stephen Curry's Roarin'-Butt-Face-Jam via,0.0,0.0
"OKC meets with Kevin Durant; Warriors up next: Warriors All-Stars Stephen Curry, Draymond Green and Klay Thom...",-0.1,0.15
Stephen Curry is a contender for the ESPY athlete of the year! #MVP,0.0,0.0
Stephen Curry is a contender for the ESPY athlete of the year! #MVP,0.0,0.0
- Stephen Curry #30 [Prod. by,0.0,0.0
- Stephen Curry #30 [Prod. by,0.0,0.0
Stephen Curry is in route to break every single 3 point record ever.... What records is Luck out there breaking,-0.07142857142857142,0.21428571428571427
Stephen Curry plays a video game on the bench.,-0.4,0.4
Stephen curry is the best shooter in the NBA by far  ,0.55,0.65
Stephen Curry is a contender for the ESPY athlete of the year! #MVP,0.0,0.0
Stephen Curry is a contender for the ESPY athlete of the year! #MVP,0.0,0.0
Stephen Curry is a contender for the ESPY athlete of the year! #MVP,0.0,0.0
34. Stephen. Curry.,0.0,0.0
No chill from LeBron's old friend     ,0.1,0.2
Stephen Curry is a contender for the ESPY athlete of the year! #MVP,0.0,0.0
This my story. To you my hero #DubNation To: My hero Stephen Curry #HERO From: Ish,0.0,0.0
Stephen Curry is a contender for the ESPY athlete of the year! #MVP,0.0,0.0
I didn't diss Stephen curry I fuck wit him.... I was saying niggas be taking shots like they were him!!!!,-0.9765625,0.6
Steph Curry Will Reportedly Not Participate In The 2016 Olympics.,0.0,0.0
Stephen Curry is a contender for the ESPY athlete of the year! #MVP,0.0,0.0
Stephen Curry is a contender for the ESPY athlete of the year! #MVP,0.0,0.0
Stephen Curry is a contender for the ESPY athlete of the year! #MVP,0.0,0.0
Damian Lillard&gt;Stephen Curry,0.0,0.0
Under Armour UA Stephen Curry 2.5 Blue/Taxi 1274425-400 Curry BNWT Dub Warriors,0.0,0.0
Under Armour UA Stephen Curry 2.5 Blue/Taxi 1274425-400 Curry BNWT Dub Warriors,0.0,0.0
Under Armour UA Stephen Curry 2.5 Blue/Taxi 1274425-400 Curry BNWT Dub Warriors,0.0,0.0
Stephen Curry is a contender for the ESPY athlete of the year! #MVP,0.0,0.0
Stephen Curry is a contender for the ESPY athlete of the year! #MVP,0.0,0.0
34. Stephen. Curry.,0.0,0.0
A week is an awful lot longer in politics that it used to be ,-1.0,1.0
34. Stephen. Curry.,0.0,0.0
Stephen Curry is a contender for the ESPY athlete of the year! #MVP,0.0,0.0
"OKC meets with Kevin Durant; Warriors up next: Warriors All-Stars Stephen Curry, Draymond Green and Klay Thom...",-0.1,0.15
Warriors' Stephen Curry reportedly won't play for Team USA in Olympics.,0.0,0.0
"James Harden 2014-15 season: 27.4 PPG, 7.0 AST, 5.7 REB MVP Stephen Curry: 23.8 PPG, 7.7 AST, 4.4 REB",0.0,0.0
"James Harden 2014-15 season: 27.4 PPG, 7.0 AST, 5.7 REB MVP Stephen Curry: 23.8 PPG, 7.7 AST, 4.4 REB",0.0,0.0
This my story. To you my hero #DubNation To: My hero Stephen Curry #HERO From: Ish,0.0,0.0
34. Stephen. Curry.,0.0,0.0
Stephen Curry after the NBA Finals.,0.0,0.0
Report: Steph Curry won't play in Olympics.,0.0,0.0
Stephen Curry is a contender for the ESPY athlete of the year! #MVP,0.0,0.0
Stephen Curry is a contender for the ESPY athlete of the year! #MVP,0.0,0.0
34. Stephen. Curry.,0.0,0.0
Stephen Curry,_____________,_______________
Tier 2 Kevin Durant Russell Westbrook Steph Curry Kawhi Leonard Chris Paul,0.0,0.0
"I'm not saying it's going to happen, but if Wade went to the Spurs.... Tony Parker Dwyane Wade Kawhi Leonard LaMarcus Aldri ",0.0,0.0
Jimmy Butler Defense on Kawhi Leonard #KawhiLeonard #jimmybutler,0.0,0.0
"I'm not saying it's going to happen, but if Wade went to the Spurs.... Tony Parker Dwyane Wade Kawhi Leonard LaMarcus Aldri ",0.0,0.0
Kawhi Leonard. Can't forget him. And Klay Thompson too.,0.0,0.0
"I'm not saying it's going to happen, but if Wade went to the Spurs.... Tony Parker Dwyane Wade Kawhi Leonard LaMarcus Aldri ",0.0,0.0
"I'm not saying it's going to happen, but if Wade went to the Spurs.... Tony Parker Dwyane Wade Kawhi Leonard LaMarcus Aldri ",0.0,0.0
"San Antonio Spurs Kawhi Leonard in 2nd yr of $90 million deal. Still drives 1997 Chevy Tahoe, lives in apartment. http ",0.0,0.0
"I'm not saying it's going to happen, but if Wade went to the Spurs.... Tony Parker Dwyane Wade Kawhi Leonard LaMarcus Aldri ",0.0,0.0
"I'm not saying it's going to happen, but if Wade went to the Spurs.... Tony Parker Dwyane Wade Kawhi Leonard LaMarcus Aldri ",0.0,0.0
"San Antonio Spurs Kawhi Leonard in 2nd yr of $90 million deal. Still drives 1997 Chevy Tahoe, lives in apartment. http ",0.0,0.0
"I'm not saying it's going to happen, but if Wade went to the Spurs.... Tony Parker Dwyane Wade Kawhi Leonard LaMarcus Aldri ",0.0,0.0
"I'm not saying it's going to happen, but if Wade went to the Spurs.... Tony Parker Dwyane Wade Kawhi Leonard LaMarcus Aldri ",0.0,0.0
"I'm not saying it's going to happen, but if Wade went to the Spurs.... Tony Parker Dwyane Wade Kawhi Leonard LaMarcus Aldri ",0.0,0.0
"I'm not saying it's going to happen, but if Wade went to the Spurs.... Tony Parker Dwyane Wade Kawhi Leonard LaMarcus Aldri ",0.0,0.0
"San Antonio Spurs Kawhi Leonard in 2nd yr of $90 million deal. Still drives 1997 Chevy Tahoe, lives in apartment. http ",0.0,0.0
"Happy birthday, Kawhi Leonard! 3 defenders, no big deal...",0.5,0.55
Happy Birthday to Kawhi Leonard - 2014 NBA Champion - 2014 NBA Finals MVP - Back to back DPOY - 2016 NBA All star http ,0.26666666666666666,0.3333333333333333
"I'm not saying it's going to happen, but if Wade went to the Spurs.... Tony Parker Dwyane Wade Kawhi Leonard LaMarcus Aldri ",0.0,0.0
Happy 25th birthday to The Klaw! Check out some of Kawhi Leonard's best moments to celebrate.,1.0,0.65
"I'm not saying it's going to happen, but if Wade went to the Spurs.... Tony Parker Dwyane Wade Kawhi Leonard LaMarcus Aldri ",0.0,0.0
"I'm not saying it's going to happen, but if Wade went to the Spurs.... Tony Parker Dwyane Wade Kawhi Leonard LaMarcus Aldri ",0.0,0.0
"I'm not saying it's going to happen, but if Wade went to the Spurs.... Tony Parker Dwyane Wade Kawhi Leonard LaMarcus Aldri ",0.0,0.0
37.) LeBron hits a clutch shot over Kawhi Leonard in game 7 of 2013 NBA finals to seal the Win for the Heat,0.2,0.4
"I'm not saying it's going to happen, but if Wade went to the Spurs.... Tony Parker Dwyane Wade Kawhi Leonard LaMarcus Aldri ",0.0,0.0
"One of the greatest draft steals ever: RC Buford trading George Hill for the 15th pick, with which RC took Kawhi Leona ",1.0,1.0
"I'm not saying it's going to happen, but if Wade went to the Spurs.... Tony Parker Dwyane Wade Kawhi Leonard LaMarcus Aldri ",0.0,0.0
"I'm not saying it's going to happen, but if Wade went to the Spurs.... Tony Parker Dwyane Wade Kawhi Leonard LaMarcus Aldri ",0.0,0.0
"San Antonio Spurs Kawhi Leonard in 2nd yr of $90 million deal. Still drives 1997 Chevy Tahoe, lives in apartment. http ",0.0,0.0
"I'm not saying it's going to happen, but if Wade went to the Spurs.... Tony Parker Dwyane Wade Kawhi Leonard LaMarcus Aldri ",0.0,0.0
"San Antonio Spurs Kawhi Leonard in 2nd yr of $90 million deal. Still drives 1997 Chevy Tahoe, lives in apartment. http ",0.0,0.0
"I'm not saying it's going to happen, but if Wade went to the Spurs.... Tony Parker Dwyane Wade Kawhi Leonard LaMarcus Aldri ",0.0,0.0
Happy 25th birthday to The Klaw! Check out some of Kawhi Leonard's best moments to celebrate.,1.0,0.65
"I'm not saying it's going to happen, but if Wade went to the Spurs.... Tony Parker Dwyane Wade Kawhi Leonard LaMarcus Aldri ",0.0,0.0
Happy Birthday to Kawhi Leonard - 2014 NBA Champion - 2014 NBA Finals MVP - Back to back DPOY - 2016 NBA All star http ,0.26666666666666666,0.3333333333333333
Happy Birthday to Kawhi Leonard - 2014 NBA Champion - 2014 NBA Finals MVP - Back to back DPOY - 2016 NBA All star http ,0.26666666666666666,0.3333333333333333
"I'm not saying it's going to happen, but if Wade went to the Spurs.... Tony Parker Dwyane Wade Kawhi Leonard LaMarcus Aldri ",0.0,0.0
"San Antonio Spurs Kawhi Leonard in 2nd yr of $90 million deal. Still drives 1997 Chevy Tahoe, lives in apartment. http ",0.0,0.0
"San Antonio Spurs Kawhi Leonard in 2nd yr of $90 million deal. Still drives 1997 Chevy Tahoe, lives in apartment. http ",0.0,0.0
"San Antonio Spurs Kawhi Leonard in 2nd yr of $90 million deal. Still drives 1997 Chevy Tahoe, lives in apartment. http ",0.0,0.0
"I'm not saying it's going to happen, but if Wade went to the Spurs.... Tony Parker Dwyane Wade Kawhi Leonard LaMarcus Aldri ",0.0,0.0
Happy 25th birthday to The Klaw! Check out some of Kawhi Leonard's best moments to celebrate.,1.0,0.65
"I'm not saying it's going to happen, but if Wade went to the Spurs.... Tony Parker Dwyane Wade Kawhi Leonard LaMarcus Aldri ",0.0,0.0
"One of the greatest draft steals ever: RC Buford trading George Hill for the 15th pick, with which RC took Kawhi Leona ",1.0,1.0
"I'm not saying it's going to happen, but if Wade went to the Spurs.... Tony Parker Dwyane Wade Kawhi Leonard LaMarcus Aldri ",0.0,0.0
"San Antonio Spurs Kawhi Leonard in 2nd yr of $90 million deal. Still drives 1997 Chevy Tahoe, lives in apartment. http ",0.0,0.0
"I'm not saying it's going to happen, but if Wade went to the Spurs.... Tony Parker Dwyane Wade Kawhi Leonard LaMarcus Aldri ",0.0,0.0
       with kawhi and Leonard,0.0,0.0
Myplayer in 2k is a triple double machine wit Kawhi Leonard defense,0.0,0.0
"I'm not saying it's going to happen, but if Wade went to the Spurs.... Tony Parker Dwyane Wade Kawhi Leonard LaMarcus Aldri ",0.0,0.0
"I'm not saying it's going to happen, but if Wade went to the Spurs.... Tony Parker Dwyane Wade Kawhi Leonard LaMarcus Aldri ",0.0,0.0
"I'm not saying it's going to happen, but if Wade went to the Spurs.... Tony Parker Dwyane Wade Kawhi Leonard LaMarcus Aldri ",0.0,0.0
"KD, LaMarcus Aldridge, Kawhi Leonard, a new big 3 for San Antonio? What do the Spurs have to offer Kevin Durant?",0.06818181818181818,0.2772727272727273
"I'm not saying it's going to happen, but if Wade went to the Spurs.... Tony Parker Dwyane Wade Kawhi Leonard LaMarcus Aldri ",0.0,0.0
"I'm not saying it's going to happen, but if Wade went to the Spurs.... Tony Parker Dwyane Wade Kawhi Leonard LaMarcus Aldri ",0.0,0.0
"I'm not saying it's going to happen, but if Wade went to the Spurs.... Tony Parker Dwyane Wade Kawhi Leonard LaMarcus Aldri ",0.0,0.0
"I'm not saying it's going to happen, but if Wade went to the Spurs.... Tony Parker Dwyane Wade Kawhi Leonard LaMarcus Aldri ",0.0,0.0
Happy Birthday to Kawhi Leonard - 2014 NBA Champion - 2014 NBA Finals MVP - Back to back DPOY - 2016 NBA All star http ,0.26666666666666666,0.3333333333333333
"I'm not saying it's going to happen, but if Wade went to the Spurs.... Tony Parker Dwyane Wade Kawhi Leonard LaMarcus Aldri ",0.0,0.0
"San Antonio Spurs Kawhi Leonard in 2nd yr of $90 million deal. Still drives 1997 Chevy Tahoe, lives in apartment. http ",0.0,0.0
"I'm not saying it's going to happen, but if Wade went to the Spurs.... Tony Parker Dwyane Wade Kawhi Leonard LaMarcus Aldri ",0.0,0.0
"I'm not saying it's going to happen, but if Wade went to the Spurs.... Tony Parker Dwyane Wade Kawhi Leonard LaMarcus Aldri ",0.0,0.0
"I'm not saying it's going to happen, but if Wade went to the Spurs.... Tony Parker Dwyane Wade Kawhi Leonard LaMarcus Aldri ",0.0,0.0
I don't think people truly understand how much I love Kawhi Leonard   ,0.5,0.6
"I'm not saying it's going to happen, but if Wade went to the Spurs.... Tony Parker Dwyane Wade Kawhi Leonard LaMarcus Aldri ",0.0,0.0
"KD, LaMarcus Aldridge, Kawhi Leonard, a new big 3 for San Antonio? What do the Spurs have to offer Kevin Durant?",0.06818181818181818,0.2772727272727273
"I'm not saying it's going to happen, but if Wade went to the Spurs.... Tony Parker Dwyane Wade Kawhi Leonard LaMarcus Aldri ",0.0,0.0
"I'm not saying it's going to happen, but if Wade went to the Spurs.... Tony Parker Dwyane Wade Kawhi Leonard LaMarcus Aldri ",0.0,0.0
"I'm not saying it's going to happen, but if Wade went to the Spurs.... Tony Parker Dwyane Wade Kawhi Leonard LaMarcus Aldri ",0.0,0.0
"I'm not saying it's going to happen, but if Wade went to the Spurs.... Tony Parker Dwyane Wade Kawhi Leonard LaMarcus Aldri ",0.0,0.0
"I'm not saying it's going to happen, but if Wade went to the Spurs.... Tony Parker Dwyane Wade Kawhi Leonard LaMarcus Aldri ",0.0,0.0
"I'm not saying it's going to happen, but if Wade went to the Spurs.... Tony Parker Dwyane Wade Kawhi Leonard LaMarcus Aldri ",0.0,0.0
"Only 3 qualified players shot &gt; 49% from the floor &amp; &gt; 41% from 3PT territory last season: Steph Curry, Kawhi Leonard and... ",0.0,0.5333333333333333
"I'm not saying it's going to happen, but if Wade went to the Spurs.... Tony Parker Dwyane Wade Kawhi Leonard LaMarcus Aldri ",0.0,0.0
"I'm not saying it's going to happen, but if Wade went to the Spurs.... Tony Parker Dwyane Wade Kawhi Leonard LaMarcus Aldri ",0.0,0.0
"I'm not saying it's going to happen, but if Wade went to the Spurs.... Tony Parker Dwyane Wade Kawhi Leonard LaMarcus Aldri ",0.0,0.0
"I'm not saying it's going to happen, but if Wade went to the Spurs.... Tony Parker Dwyane Wade Kawhi Leonard LaMarcus Aldri ",0.0,0.0
"I'm not saying it's going to happen, but if Wade went to the Spurs.... Tony Parker Dwyane Wade Kawhi Leonard LaMarcus Aldri ",0.0,0.0
"I'm not saying it's going to happen, but if Wade went to the Spurs.... Tony Parker Dwyane Wade Kawhi Leonard LaMarcus Aldri ",0.0,0.0
"I'm not saying it's going to happen, but if Wade went to the Spurs.... Tony Parker Dwyane Wade Kawhi Leonard LaMarcus Aldri ",0.0,0.0
"I'm not saying it's going to happen, but if Wade went to the Spurs.... Tony Parker Dwyane Wade Kawhi Leonard LaMarcus Aldri ",0.0,0.0
"I'm not saying it's going to happen, but if Wade went to the Spurs.... Tony Parker Dwyane Wade Kawhi Leonard LaMarcus Aldri ",0.0,0.0
"I'm not saying it's going to happen, but if Wade went to the Spurs.... Tony Parker Dwyane Wade Kawhi Leonard LaMarcus Aldri ",0.0,0.0
"I'm not saying it's going to happen, but if Wade went to the Spurs.... Tony Parker Dwyane Wade Kawhi Leonard LaMarcus Aldri ",0.0,0.0
"I'm not saying it's going to happen, but if Wade went to the Spurs.... Tony Parker Dwyane Wade Kawhi Leonard LaMarcus Aldri ",0.0,0.0
"I'm not saying it's going to happen, but if Wade went to the Spurs.... Tony Parker Dwyane Wade Kawhi Leonard LaMarcus Aldri ",0.0,0.0
"I'm not saying it's going to happen, but if Wade went to the Spurs.... Tony Parker Dwyane Wade Kawhi Leonard LaMarcus Aldri ",0.0,0.0
"I'm not saying it's going to happen, but if Wade went to the Spurs.... Tony Parker Dwyane Wade Kawhi Leonard LaMarcus Aldri ",0.0,0.0
"I'm not saying it's going to happen, but if Wade went to the Spurs.... Tony Parker Dwyane Wade Kawhi Leonard LaMarcus Aldri ",0.0,0.0
"I'm not saying it's going to happen, but if Wade went to the Spurs.... Tony Parker Dwyane Wade Kawhi Leonard LaMarcus Aldri ",0.0,0.0
"Only 3 qualified players shot &gt; 49% from the floor &amp; &gt; 41% from 3PT territory last season: Steph Curry, Kawhi Leonard and... ",0.0,0.5333333333333333
"I'm not saying it's going to happen, but if Wade went to the Spurs.... Tony Parker Dwyane Wade Kawhi Leonard LaMarcus Aldri ",0.0,0.0
"I'm not saying it's going to happen, but if Wade went to the Spurs.... Tony Parker Dwyane Wade Kawhi Leonard LaMarcus Aldri ",0.0,0.0
"Happy birthday, Kawhi Leonard! 3 defenders, no big deal...",0.5,0.55
"I'm not saying it's going to happen, but if Wade went to the Spurs.... Tony Parker Dwyane Wade Kawhi Leonard LaMarcus Aldri ",0.0,0.0
"I'm not saying it's going to happen, but if Wade went to the Spurs.... Tony Parker Dwyane Wade Kawhi Leonard LaMarcus Aldri ",0.0,0.0
"I'm not saying it's going to happen, but if Wade went to the Spurs.... Tony Parker Dwyane Wade Kawhi Leonard LaMarcus Aldri ",0.0,0.0
"I'm not saying it's going to happen, but if Wade went to the Spurs.... Tony Parker Dwyane Wade Kawhi Leonard LaMarcus Aldri ",0.0,0.0
Happy Birthday to Kawhi Leonard - 2014 NBA Champion - 2014 NBA Finals MVP - Back to back DPOY - 2016 NBA All star http ,0.26666666666666666,0.3333333333333333
"I'm not saying it's going to happen, but if Wade went to the Spurs.... Tony Parker Dwyane Wade Kawhi Leonard LaMarcus Aldri ",0.0,0.0
Kawhi Leonard,_____________,_______________
LeBron James vs LeBron James BRUTAL,-0.875,1.0
BREAKING: LeBron James (@KingJames) announces on that his going to sign with,0.0,0.0
"Gabrielle Union takes us through dinner with LeBron James, Dwyane Wade, &amp; CP3. #AndTheirWives #Cavs #Heat #Clippers http ",0.0,0.0
Mike Conley deserves the same annual salary as LeBron James as much as I do.,0.1,0.1625
"LeBron James, Dwyane Wade, and Chris Paul Are Snapchatting Their Vacation, and It s Amazing",0.6000000000000001,0.9
And Cleveland has its first title in 52 years thanks to the incredible decision making of Mr. LeBron James,0.45,0.4777777777777778
"DWade, Lebron James &amp; CP3 take their wives on a private yacht. This is what REAL friendships look like! They TURNT! https:/ ",0.15625,0.3375
BREAKING: LeBron James (@KingJames) announces on that his going to sign with,0.0,0.0
LeBron James,0.0,0.0
"LeBron James, Dwyane Wade, and Chris Paul on vacation together.",0.0,0.0
for those who said rihanna didn't call lebron james bae   ,0.0,0.0
BREAKING: LeBron James (@KingJames) announces on that his going to sign with,0.0,0.0
It's time Kevin Durant be criticized like LeBron James,0.0,0.0
BREAKING: LeBron James (@KingJames) announces on that his going to sign with,0.0,0.0
"LeBron James, Chris Paul, &amp; Dwyane Wade enjoying their time on a boat. #BrothersForLife",0.5,0.6
"LeBron James, Dwyane Wade, and Chris Paul on vacation together.",0.0,0.0
BREAKING: LeBron James (@KingJames) announces on that his going to sign with,0.0,0.0
"LeBron James, Dwyane Wade, and Chris Paul on vacation together.",0.0,0.0
It's time for Kevin Durant to be criticized like LeBron James,0.0,0.0
"Gabrielle Union takes us through dinner with LeBron James, Dwyane Wade, &amp; CP3. #AndTheirWives #Cavs #Heat #Clippers http ",0.0,0.0
BREAKING: LeBron James (@KingJames) announces on that his going to sign with,0.0,0.0
BREAKING: LeBron James (@KingJames) announces on that his going to sign with,0.0,0.0
LeBron James,0.0,0.0
Greatest Athlete of All-Time From Every State Mississippi: Jerry Rice Ohio: LeBron James,1.0,1.0
Greatest Athlete of All-Time From Every State Mississippi: Jerry Rice Ohio: LeBron James,1.0,1.0
Greatest Athlete of All-Time From Every State Mississippi: Jerry Rice Ohio: LeBron James,1.0,1.0
Greatest Athlete of All-Time From Every State Mississippi: Jerry Rice Ohio: LeBron James,1.0,1.0
Greatest Athlete of All-Time From Every State Mississippi: Jerry Rice Ohio: LeBron James,1.0,1.0
Greatest Athlete of All-Time From Every State Mississippi: Jerry Rice Ohio: LeBron James,1.0,1.0
Greatest Athlete of All-Time From Every State Mississippi: Jerry Rice Ohio: LeBron James,1.0,1.0
Greatest Athlete of All-Time From Every State Mississippi: Jerry Rice Ohio: LeBron James,1.0,1.0
"LeBron James, Chris Paul, &amp; Dwyane Wade enjoying their time on a boat. #BrothersForLife",0.5,0.6
"LeBron James, Dwyane Wade, and Chris Paul on vacation together.",0.0,0.0
Both Steph Curry and LeBron James are nominated for #BestMaleAthlete at the ESPYS! Who should win?,0.8,0.4
BREAKING: LeBron James (@KingJames) announces on that his going to sign with,0.0,0.0
"LeBron James, Chris Paul, &amp; Dwyane Wade enjoying their time on a boat. #BrothersForLife",0.5,0.6
Dope: Miami Heat LeBron James vs. Cleveland Cavaliers LeBron James!,0.0,0.0
"LeBron James, Chris Paul, &amp; Dwyane Wade enjoying their time on a boat. #BrothersForLife",0.5,0.6
"Gabrielle Union takes us through dinner with LeBron James, Dwyane Wade, &amp; CP3. #AndTheirWives #Cavs #Heat #Clippers http ",0.0,0.0
"LeBron James, Dwyane Wade, and Chris Paul on vacation together.",0.0,0.0
BREAKING: LeBron James (@KingJames) announces on that his going to sign with,0.0,0.0
Has LeBron gone from phenom to icon to irrelevant?,-0.5,1.0
"Dwyane Wade, Chris Paul, &amp; LeBron James partying it up on a boat! #Brothers #Clippers #Heat #Cavs",0.0,0.0
"LeBron James, Dwyane Wade, and Chris Paul on vacation together.",0.0,0.0
"""I did not go to business school. You know who else didn't go to business school? LeBron James, Tracy McGrady, Kobe Br ",0.0,0.0
BREAKING: LeBron James (@KingJames) announces on that his going to sign with,0.0,0.0
"LeBron James, Chris Paul, &amp; Dwyane Wade enjoying their time on a boat. #BrothersForLife",0.5,0.6
"DWade, Lebron James &amp; CP3 take their wives on a private yacht. This is what REAL friendships look like! They TURNT! https:/ ",0.15625,0.3375
"LeBron James, Dwyane Wade, and Chris Paul on vacation together.",0.0,0.0
"LeBron James, Chris Paul, &amp; Dwyane Wade enjoying their time on a boat. #BrothersForLife",0.5,0.6
No one is beating Lebron James for the next 4 years. Beam me up DA so we can talk some basketball and drink a cold one!,-0.375,0.5
BREAKING: LeBron James (@KingJames) announces on that his going to sign with,0.0,0.0
"LeBron James, Chris Paul, &amp; Dwyane Wade enjoying their time on a boat. #BrothersForLife",0.5,0.6
"LeBron James, Chris Paul, &amp; Dwyane Wade enjoying their time on a boat. #BrothersForLife",0.5,0.6
Retweet for Jackie Moon Like for Lebron James,0.0,0.0
BREAKING: LeBron James (@KingJames) announces on that his going to sign with,0.0,0.0
BREAKING: LeBron James (@KingJames) announces on that his going to sign with,0.0,0.0
BREAKING: LeBron James (@KingJames) announces on that his going to sign with,0.0,0.0
BREAKING: LeBron James (@KingJames) announces on that his going to sign with,0.0,0.0
"LeBron James, Chris Paul, &amp; Dwyane Wade enjoying their time on a boat. #BrothersForLife",0.5,0.6
BREAKING: LeBron James (@KingJames) announces on that his going to sign with,0.0,0.0
"(Videos) NBA: Dwyane Wade, LeBron James, Chris Paul &amp; Their Wives Have a Funny Couples Retreat...",0.25,1.0
The big fish strategy has only worked for the teams lucky enough to land that LeBron James fish.,0.08333333333333333,0.6083333333333334
"LeBron James, Dwyane Wade, and Chris Paul on vacation together.",0.0,0.0
BREAKING: LeBron James (@KingJames) announces on that his going to sign with,0.0,0.0
BREAKING: LeBron James (@KingJames) announces on that his going to sign with,0.0,0.0
BREAKING: LeBron James (@KingJames) announces on that his going to sign with,0.0,0.0
It's time Kevin Durant be criticized like LeBron James,0.0,0.0
I just wanna be as happy as LeBron James is in this video,0.8,1.0
"LeBron James, Dwyane Wade, and Chris Paul on vacation together.",0.0,0.0
"Dwyane Wade, Chris Paul, &amp; LeBron James partying it up on a boat! #Brothers #Clippers #Heat #Cavs",0.0,0.0
BREAKING: LeBron James (@KingJames) announces on that his going to sign with,0.0,0.0
Why LeBron James Is the Modern Day Don Quixote:,0.2,0.3
"   LeBron James, Chris Paul, &amp; Dwyane Wade enjoying their time on a boat. #BrothersForLife",0.5,0.6
"DWade, Lebron James &amp; CP3 take their wives on a private yacht. This is what REAL friendships look like! They TURNT! https:/ ",0.15625,0.3375
Every day when I wake up I'm going to start my day out watching a YouTube vid of the best Lebron James blocks #OAT #GOAT Give it a try.,1.0,0.3
"LeBron James, Chris Paul, &amp; Dwyane Wade enjoying their time on a boat. #BrothersForLife",0.5,0.6
BREAKING: LeBron James (@KingJames) announces on that his going to sign with,0.0,0.0
LeBron James,_____________,_______________
Russell Westbrook: Most Athletic Guard of All Time     ,0.5,0.5
Russell Westbrook: Most Athletic Guard of All Time     ,0.5,0.5
Russell Westbrook: Most Athletic Guard of All Time     ,0.5,0.5
Russell Westbrook: Most Athletic Guard of All Time     ,0.5,0.5
Russell Westbrook: Most Athletic Guard of All Time     ,0.5,0.5
Russell Westbrook: Most Athletic Guard of All Time     ,0.5,0.5
Russell Westbrook: Most Athletic Guard of All Time     ,0.5,0.5
Russell Westbrook: Most Athletic Guard of All Time     ,0.5,0.5
Russell Westbrook: Most Athletic Guard of All Time     ,0.5,0.5
Russell Westbrook: Most Athletic Guard of All Time     ,0.5,0.5
Russell Westbrook: Most Athletic Guard of All Time     ,0.5,0.5
Russell Westbrook: Most Athletic Guard of All Time     ,0.5,0.5
Russell Westbrook: Most Athletic Guard of All Time     ,0.5,0.5
Russell Westbrook: Most Athletic Guard of All Time     ,0.5,0.5
Russell Westbrook: Most Athletic Guard of All Time     ,0.5,0.5
Russell Westbrook: Most Athletic Guard of All Time     ,0.5,0.5
Russell Westbrook: Most Athletic Guard of All Time     ,0.5,0.5
Russell Westbrook: Most Athletic Guard of All Time     ,0.5,0.5
Russell Westbrook: Most Athletic Guard of All Time     ,0.5,0.5
Russell Westbrook: Most Athletic Guard of All Time     ,0.5,0.5
Russell Westbrook: Most Athletic Guard of All Time     ,0.5,0.5
Russell Westbrook: Most Athletic Guard of All Time     ,0.5,0.5
Russell Westbrook: Most Athletic Guard of All Time     ,0.5,0.5
Russell Westbrook is doing B-dot on his snapchat.,0.0,0.0
Russell Westbrook: Most Athletic Guard of All Time     ,0.5,0.5
Russell Westbrook: Most Athletic Guard of All Time     ,0.5,0.5
Russell Westbrook: Most Athletic Guard of All Time     ,0.5,0.5
Russell Westbrook: Most Athletic Guard of All Time     ,0.5,0.5
Russell Westbrook: Most Athletic Guard of All Time     ,0.5,0.5
Russell Westbrook: Most Athletic Guard of All Time     ,0.5,0.5
Russell Westbrook: Most Athletic Guard of All Time     ,0.5,0.5
Russell Westbrook: Most Athletic Guard of All Time     ,0.5,0.5
Russell Westbrook: Most Athletic Guard of All Time     ,0.5,0.5
Russell Westbrook: Most Athletic Guard of All Time     ,0.5,0.5
Russell Westbrook: Most Athletic Guard of All Time     ,0.5,0.5
Russell Westbrook: Most Athletic Guard of All Time     ,0.5,0.5
Russell Westbrook: Most Athletic Guard of All Time     ,0.5,0.5
Russell Westbrook: Most Athletic Guard of All Time     ,0.5,0.5
Russell Westbrook: Most Athletic Guard of All Time     ,0.5,0.5
Russell Westbrook: Most Athletic Guard of All Time     ,0.5,0.5
Russell Westbrook: Most Athletic Guard of All Time     ,0.5,0.5
Russell Westbrook: Most Athletic Guard of All Time     ,0.5,0.5
Russell Westbrook: Most Athletic Guard of All Time     ,0.5,0.5
"I think he'll sign a 1 year player option with OKC, and go into FA in 2017 with his man Russell Westbrook",0.0,0.0
Russell Westbrook: Most Athletic Guard of All Time     ,0.5,0.5
Niggas out here looking like they got styled by Russell Westbrook,0.0,0.0
Russell Westbrook: Most Athletic Guard of All Time     ,0.5,0.5
Russell Westbrook: Most Athletic Guard of All Time     ,0.5,0.5
Russell Westbrook: Most Athletic Guard of All Time     ,0.5,0.5
Russell Westbrook: Most Athletic Guard of All Time     ,0.5,0.5
Russell Westbrook: Most Athletic Guard of All Time     ,0.5,0.5
Russell Westbrook: Most Athletic Guard of All Time     ,0.5,0.5
Russell Westbrook: Most Athletic Guard of All Time     ,0.5,0.5
Russell Westbrook: Most Athletic Guard of All Time     ,0.5,0.5
Russell Westbrook: Most Athletic Guard of All Time     ,0.5,0.5
Russell Westbrook: Most Athletic Guard of All Time     ,0.5,0.5
Russell Westbrook: Most Athletic Guard of All Time     ,0.5,0.5
"I think he'll sign a 1 year player option with OKC, and go into FA in 2017 with his man Russell Westbrook",0.0,0.0
Russell Westbrook: Most Athletic Guard of All Time     ,0.5,0.5
I'm going to jet over to Beverly Hills on my day off and see if I can run into Russell Westbrook on the strip,0.0,0.0
Russell Westbrook: Most Athletic Guard of All Time     ,0.5,0.5
Russell Westbrook: Most Athletic Guard of All Time     ,0.5,0.5
Russell Westbrook: Most Athletic Guard of All Time     ,0.5,0.5
Russell Westbrook: Most Athletic Guard of All Time     ,0.5,0.5
Russell Westbrook: Most Athletic Guard of All Time     ,0.5,0.5
Russell Westbrook: Most Athletic Guard of All Time     ,0.5,0.5
Russell Westbrook: Most Athletic Guard of All Time     ,0.5,0.5
Russell Westbrook: Most Athletic Guard of All Time     ,0.5,0.5
Russell Westbrook: Most Athletic Guard of All Time     ,0.5,0.5
Tier 2 Kevin Durant Russell Westbrook Steph Curry Kawhi Leonard Chris Paul,0.0,0.0
Russell Westbrook: Most Athletic Guard of All Time     ,0.5,0.5
Russell Westbrook: Most Athletic Guard of All Time     ,0.5,0.5
Russell Westbrook: Most Athletic Guard of All Time     ,0.5,0.5
Let me find out Russell Westbrook come back with the fire 3p shot its a wrap,0.0,0.0
Russell Westbrook: Most Athletic Guard of All Time     ,0.5,0.5
Russell Westbrook: Most Athletic Guard of All Time     ,0.5,0.5
Russell Westbrook: Most Athletic Guard of All Time     ,0.5,0.5
Russell Westbrook: Most Athletic Guard of All Time     ,0.5,0.5
Russell Westbrook: Most Athletic Guard of All Time     ,0.5,0.5
Russell Westbrook: Most Athletic Guard of All Time     ,0.5,0.5
Russell Westbrook: Most Athletic Guard of All Time     ,0.5,0.5
Russell Westbrook: Most Athletic Guard of All Time     ,0.5,0.5
Russell Westbrook: Most Athletic Guard of All Time     ,0.5,0.5
Russell Westbrook: Most Athletic Guard of All Time     ,0.5,0.5
Russell Westbrook: Most Athletic Guard of All Time     ,0.5,0.5
Russell Westbrook: Most Athletic Guard of All Time     ,0.5,0.5
Russell Westbrook: Most Athletic Guard of All Time     ,0.5,0.5
Russell Westbrook: Most Athletic Guard of All Time     ,0.5,0.5
Russell Westbrook: Most Athletic Guard of All Time     ,0.5,0.5
I could see one year of rebuilding and possibly Russell Westbrook heading to the Lakers after the Thunder win it all this year,0.4,0.7
Russell Westbrook: Most Athletic Guard of All Time     ,0.5,0.5
Russell Westbrook: Most Athletic Guard of All Time     ,0.5,0.5
Russell Westbrook: Most Athletic Guard of All Time     ,0.5,0.5
Russell Westbrook: Most Athletic Guard of All Time     ,0.5,0.5
He's Staying in OKC. He and Russell Westbrook will both be coming to LA for a meeting next year though,0.0,0.0
Russell Westbrook: Most Athletic Guard of All Time     ,0.5,0.5
Russell Westbrook: Most Athletic Guard of All Time     ,0.5,0.5
Russell Westbrook: Most Athletic Guard of All Time     ,0.5,0.5
Russell Westbrook: Most Athletic Guard of All Time     ,0.5,0.5
Russell Westbrook: Most Athletic Guard of All Time     ,0.5,0.5
Russell Westbrook,_____________,_______________
"Hearing that, at least for now, Kevin Durant has not expanded his list of teams with whom he ll take meetings. Hawks have ",-0.3,0.4
Who are the pretenders and contenders in the Kevin Durant sweepstakes? examines,0.0,0.0
Kevin Durant has plans to have free-agency meetings with 6 different teams.,0.0,0.6
"Isaiah Thomas on Kevin Durant - ""I do know one thing, he has a genuine love for Boston.""",0.45,0.55
"I've never been in a barbershop or out in public and heard any Kevin Durant ""no rings"" jokes. No pressure on him.",0.0,0.06666666666666667
"I've never been in a barbershop or out in public and heard any Kevin Durant ""no rings"" jokes. No pressure on him.",0.0,0.06666666666666667
"Promised I'd never get this crazy, but.. The last person Al Horford followed on Twitter? Kevin Durant. (Putting myself ",-0.3,0.48333333333333334
Knicks fan has a message for Kevin Durant #KDesiignerXXL,0.0,0.0
"I've never been in a barbershop or out in public and heard any Kevin Durant ""no rings"" jokes. No pressure on him.",0.0,0.06666666666666667
"Emoji time? Clippers will reportedly meet with KD in hopes of selling him on a ""Big 4"" https:/ ",0.0,0.1
"I've never been in a barbershop or out in public and heard any Kevin Durant ""no rings"" jokes. No pressure on him.",0.0,0.06666666666666667
"Kevin Durant's 1st meeting will be with OKC on Thurs, June 30, in OKC. He'll then fly to NY to meet with the Warriors ",0.8,0.9
Robb: Under The Radar Celtics Free Agent Targets #boston,0.4,0.8
Interested to see if Kevin Durant receives less interest from teams now that Ryan Kelly is a UFA,0.04166666666666667,0.2833333333333333
"""I love it here, man. I love my teammates, I love the city."" - Kevin Durant back in 2015",0.375,0.44999999999999996
Kevin Durant confronts Draymond Green after the NBA Finals in the newest episode of #GameOfZones,-0.2,0.3
According to sources Free Agent F Kevin Durant is 90% sure he'll return to the Thunder. #NBAFreeAgency,0.45,0.8444444444444444
"Isaiah Thomas: Kevin Durant has ""talked to me about how exciting it is to watch us on NBA LeaguePass and things like t ",0.3,0.8
"Celtics: Isaiah Thomas plans to wear Kevin Durant apparel to free agent meeting - ""I'm going to buy a KD shirt""",0.4,0.8
"Windhorst: Riley's pitch to Durant could be ""laying the foundation"" for 2017 + more nuggets https ",0.5,0.5
"Kevin Durant's 1st meeting will be with OKC on Thurs, June 30, in OKC. He'll then fly to NY to meet with the Warriors ",0.8,0.9
It's time Kevin Durant be criticized like LeBron James,0.0,0.0
Better sign Kevin Durant!!!,0.9765625,0.5
Celtics' Isaiah Thomas ready to dress to impress Durant - via App,0.2,0.5
It's time for Kevin Durant to be criticized like LeBron James,0.0,0.0
"So Al Horford followed Kevin Durant, and now Isaiah Thomas followed Al Horford. #NBAFreeAgency",0.0,0.0
Kevin Durant is much taller than he lets on.,0.2,0.2
".@ZachLowe_NBA: The Heat ""wants They're gonna fight for Hassan Whiteside."" https:/ ",0.2,0.1
The Oklahoma City Thunder are looking to shed cap space in order to pursue Al Horford as well as getting Kevin Durant back.,0.0,0.0
"Isaiah Thomas plans to wear Kevin Durant apparel to free agent meeting - ""I'm going to buy a KD shirt""via App",0.4,0.8
"Celtics: Isaiah Thomas plans to wear Kevin Durant apparel to free agent meeting - \""I'm going to buy a KD shirt\"" ( ",0.4,0.8
Celtics' Isaiah Thomas ready to dress to impress Durant - I love Isaiah  ,0.35,0.55
"So, as of right now, the Los Angeles Lakers don't have a meeting scheduled with Kevin Durant or Hassan Whiteside.",0.2857142857142857,0.5357142857142857
Message to Kevin Durant from the Knicks    smfh,0.0,0.0
"A friend of Kevin Durant says his mind is 90% made for staying in OKC, would take an amazing pitch for him to leave now.",0.6000000000000001,0.9
Kevin Durant has plans to have free-agency meetings with 6 different teams.,0.0,0.6
8. Kevin Durant cross-over on Julius Randle and an acrobatic finish.,0.0,0.0
"Pat Riley's track record speaks for itself, but will it be enough to lure Kevin Durant to the Miami Heat?",0.0,0.5
BREAKING: Kevin Durant is expected to return to Oklahoma City.,-0.1,0.4
".@ZachLowe_NBA: The Heat ""wants They're gonna fight for Hassan Whiteside."" https:/ ",0.2,0.1
Kevin Durant confronts Draymond Green after the NBA Finals in the newest episode of #GameOfZones,-0.2,0.3
"One of Kevin Durant's longtime friends said, ""His decision is 90 percent made"" to return to OKC for another year. https:/ ",0.0,0.0
. Something going on with the #Celtics that has Kevin Durant s attention,0.0,0.0
Ummmm Al Horford just followed Kevin Durant,0.0,0.0
Kevin Durant's friends probably leaked the information just so teams would spend more money on their dinners with KD #summerofdurant,0.5,0.5
8. Kevin Durant cross-over on Julius Randle and an acrobatic finish.,0.0,0.0
The pitch all 30 NBA teams can make to sign Kevin Durant -,0.0,0.0
"A friend of Kevin Durant says his mind is 90% made for staying in OKC, would take an amazing pitch for him to leave now.",0.6000000000000001,0.9
Ummmm Al Horford just followed Kevin Durant,0.0,0.0
"One of Kevin Durant's longtime friends said, ""His decision is 90 percent made"" to return to OKC for another year. https:/ ",0.0,0.0
"Kevin Durant's friend says his decision is ""90% made"" (ESPN)",0.0,0.0
funny,0.25,1.0
"Isaiah Thomas: Kevin Durant has ""talked to me about how exciting it is to watch us on NBA LeaguePass and things like t ",0.3,0.8
"NBA free agency starts at midnight, this is how Kevin Durant is going to make his decision.",0.4,0.8
"Celtics: Isaiah Thomas plans to wear Kevin Durant apparel to free agent meeting - \""I'm going to buy a KD shirt\"" (ESPN)  ",0.4,0.8
"Celtics: Isaiah Thomas plans to wear Kevin Durant apparel to free agent meeting - ""I'm going to buy a KD shirt""via",0.4,0.8
Message to Kevin Durant from the Knicks    smfh,0.0,0.0
"[NBA News] Celtics: Isaiah Thomas plans to wear Kevin Durant apparel to free agent meeting - \""I'm going to buy a  ",0.4,0.8
Knicks fan has a message for Kevin Durant #KDesiignerXXL,0.0,0.0
"Isaiah Thomas: Kevin Durant has ""talked to me about how exciting it is to watch us on NBA LeaguePass and things like t ",0.3,0.8
Isaiah Thomas says that Kevin Durant asked him about how he likes living in the city of Boston. Durant brought up the ,0.0,0.0
"Emoji time? Clippers will reportedly meet with KD in hopes of selling him on a ""Big 4"" https:/ ",0.0,0.1
BOSTON -- Boston Celtics All-Star point guard Isaiah Thomas has been not-so-subtly recruiting Kevin Durant since ,0.0,0.0
"Celtics: Isaiah Thomas plans to wear Kevin Durant apparel to free agent meeting - \""I'm going to buy a KD shirt\""  ",0.4,0.8
"""I love it here, man. I love my teammates, I love the city."" - Kevin Durant back in 2015",0.375,0.44999999999999996
".@MarcJSpearsESPN reporting Kevin Durant's free agency decision is already ""90 percent made"" h ",0.4,0.8
"Celtics: Isaiah Thomas plans to wear Kevin Durant apparel to free agent meeting - \""I'm going to buy a KD shirt\""  ",0.4,0.8
"Insane handles, clutch shots, thunderous dunks... it's Kevin Durant's TOP 10 PLAYS of the 2015-16 Season! #NBATop10",-0.1875,0.75
Al Horford is now following Kevin Durant on Twitter.,0.0,0.1
"""I love it here, man. I love my teammates, I love the city."" - Kevin Durant back in 2015",0.375,0.44999999999999996
"""I m going to buy a [Durant] shirt; I m going to be in the whole outfit.  Isaiah Thomas ready for recruiting trip: http ",0.2,0.45
Kevin Durant confronts Draymond Green after the NBA Finals in the newest episode of #GameOfZones,-0.2,0.3
"What's up with the Warriors and Andrew Bogut? In the Summer of Durant, everything is getting re-evaluated: Th...",0.0,0.0
Kevin Durant of Oklahoma City Thunder agrees on five-year contact extension worth $85 million - http://es.pn/cJLZCw,0.3,0.1
"Isaiah Thomas says that Kevin Durant asked him about how he likes living in the city of Boston. Durant brought up the topic, not Thomas.",0.0,0.0
"Isaiah Thomas: Kevin Durant has ""talked to me about how exciting it is to watch us on NBA LeaguePass and things like t ",0.3,0.8
"""I couldn't imagine the shooting we could have w/ him on our team. It would be very deadly."" - Klay on Kevin Durant ht ",-0.26,0.52
According to Al Horford just followed Kevin Durant on Twitter...interesting.,0.0,0.0
"One of Kevin Durant's longtime friends said, ""His decision is 90 percent made"" to return to OKC for another year. https:/ ",0.0,0.0
"Insane handles, clutch shots, thunderous dunks... it's Kevin Durant's TOP 10 PLAYS of the 2015-16 Season! #NBATop10",-0.1875,0.75
Knicks fan has a message for Kevin Durant #KDesiignerXXL,0.0,0.0
"in the same podcast, says the Heat want Whiteside and were trying to set up a meeting today",0.0,0.125
"Isaiah Thomas: Kevin Durant has ""talked to me about how exciting it is to watch us on NBA LeaguePass and things like that.""",0.3,0.8
Celtics' Isaiah Thomas ready to dress to impress Durant - via App,0.2,0.5
"Celtics: Isaiah Thomas plans to wear Kevin Durant apparel to free agent meeting - \""I'm going to buy a KD shirt\""  ",0.4,0.8
"Celtics: Isaiah Thomas plans to wear Kevin Durant apparel to free agent meeting - \""I'm going to buy a KD shirt\""  ",0.4,0.8
"So Al Horford followed Kevin Durant, and now Isaiah Thomas followed Al Horford. #NBAFreeAgency",0.0,0.0
"One of Kevin Durant's longtime friends said, ""His decision is 90 percent made"" to return to OKC for another year. https:/ ",0.0,0.0
"""I m going to buy a [Durant] shirt; I m going to be in the whole outfit.  Isaiah Thomas ready for recruiting trip: http ",0.2,0.45
Message to Kevin Durant from the Knicks    smfh,0.0,0.0
Kevin Durant confronts Draymond Green after the NBA Finals in the newest episode of #GameOfZones,-0.2,0.3
Kevin Durant of Oklahoma City Thunder agrees on five-year contact extension worth $85 million - http://es.pn/cJLZCw,0.3,0.1
".@MarcJSpearsESPN reporting Kevin Durant's free agency decision is already ""90 percent made"" h ",0.4,0.8
"One of Kevin Durant's longtime friends said, ""His decision is 90 percent made"" to return to OKC for another year. https:/ ",0.0,0.0
"One of Kevin Durant's longtime friends said, ""His decision is 90 percent made"" to return to OKC for another year. https:/ ",0.0,0.0
"A friend of Kevin Durant says his mind is 90% made for staying in OKC, would take an amazing pitch for him to leave now. ",0.6000000000000001,0.9
"""I'm Me, I do me &amp; I chill."" - Kevin Durant",0.0,0.0
NBA free agent tracker: Live updates and analysis,0.2681818181818182,0.65
Of COURSE Apple wants to buy Tidal. Just like every NBA team wants Kevin Durant. That don't mean KD is signing to the 76er ,0.029166666666666674,0.29583333333333334
Kevin Durant,_____________,_______________
"The Clippers have invited their stars to KD meeting, trying to sell him on Big 4. Chris Paul Blake Griffin DeAndre Jordan ",0.0,0.1
"LeBron James, Dwyane Wade, and Chris Paul Are Snapchatting Their Vacation, and It s Amazing",0.6000000000000001,0.9
give me $50 and some dunks by Chris Paul,0.0,0.0
"LeBron James, Dwyane Wade, and Chris Paul on vacation together.",0.0,0.0
"LeBron James, Chris Paul, &amp; Dwyane Wade enjoying their time on a boat. #BrothersForLife",0.5,0.6
"LeBron James, Dwyane Wade, and Chris Paul on vacation together.",0.0,0.0
"LeBron James, Dwyane Wade, and Chris Paul on vacation together.",0.0,0.0
Chris Paul is so fineee   ,0.0,0.0
"LeBron James, Chris Paul, &amp; Dwyane Wade enjoying their time on a boat. #BrothersForLife",0.5,0.6
"LeBron James, Dwyane Wade, and Chris Paul on vacation together.",0.0,0.0
"LeBron James, Chris Paul, &amp; Dwyane Wade enjoying their time on a boat. #BrothersForLife",0.5,0.6
"We see you, &amp; &amp; #LipSyncBattle #Shoutout",0.0,0.0
"LeBron James, Chris Paul, &amp; Dwyane Wade enjoying their time on a boat. #BrothersForLife",0.5,0.6
"LeBron James, Dwyane Wade, and Chris Paul on vacation together.",0.0,0.0
"Dwyane Wade, Chris Paul, &amp; LeBron James partying it up on a boat! #Brothers #Clippers #Heat #Cavs",0.0,0.0
"LeBron James, Dwyane Wade, and Chris Paul on vacation together.",0.0,0.0
What I took from this video -Chris Paul still ain't got no ring - gabrielle union be wildin -they're just like us https ,0.0,0.0
Chris Paul is so fineee   ,0.0,0.0
"LeBron James, Chris Paul, &amp; Dwyane Wade enjoying their time on a boat. #BrothersForLife",0.5,0.6
"LeBron James, Dwyane Wade, and Chris Paul on vacation together.",0.0,0.0
"LeBron James, Chris Paul, &amp; Dwyane Wade enjoying their time on a boat. #BrothersForLife",0.5,0.6
"LeBron James, Chris Paul, &amp; Dwyane Wade enjoying their time on a boat. #BrothersForLife",0.5,0.6
"LeBron James, Chris Paul, &amp; Dwyane Wade enjoying their time on a boat. #BrothersForLife",0.5,0.6
"LeBron James, Chris Paul, &amp; Dwyane Wade enjoying their time on a boat. #BrothersForLife",0.5,0.6
"(Videos) NBA: Dwyane Wade, LeBron James, Chris Paul &amp; Their Wives Have a Funny Couples Retreat...",0.25,1.0
"LeBron James, Dwyane Wade, and Chris Paul on vacation together.",0.0,0.0
What I took from this video -Chris Paul still ain't got no ring - gabrielle union be wildin -they're just like us https ,0.0,0.0
"LeBron James, Dwyane Wade, and Chris Paul on vacation together.",0.0,0.0
"Dwyane Wade, Chris Paul, &amp; LeBron James partying it up on a boat! #Brothers #Clippers #Heat #Cavs",0.0,0.0
"   LeBron James, Chris Paul, &amp; Dwyane Wade enjoying their time on a boat. #BrothersForLife",0.5,0.6
"Report: The Los Angeles Clippers will have Chris Paul, Blake Griffin and DeAndre Jordan present at their meeting with Kevin ",0.0,0.0
"team with jackson wells, Anthony davis, frank jones, justin riley, and chris paul",0.0,0.0
"LeBron James, Chris Paul, &amp; Dwyane Wade enjoying their time on a boat. #BrothersForLife",0.5,0.6
"Dwyane Wade, Chris Paul, &amp; LeBron James partying it up on a boat! #Brothers #Clippers #Heat #Cavs",0.0,0.0
"The Clippers have invited their stars to KD meeting, trying to sell him on Big 4. Chris Paul Blake Griffin DeAndre Jordan ",0.0,0.1
"LeBron James, Dwyane Wade, and Chris Paul on vacation together.",0.0,0.0
What I took from this video -Chris Paul still ain't got no ring - gabrielle union be wildin -they're just like us https ,0.0,0.0
"Dwyane Wade, Chris Paul, &amp; LeBron James partying it up on a boat! #Brothers #Clippers #Heat #Cavs",0.0,0.0
"LeBron James, Chris Paul, &amp; Dwyane Wade enjoying their time on a boat. #BrothersForLife",0.5,0.6
"Dwyane Wade, Chris Paul, &amp; LeBron James partying it up on a boat! #Brothers #Clippers #Heat #Cavs",0.0,0.0
"LeBron James, Dwyane Wade, and Chris Paul on vacation together.",0.0,0.0
"The Clippers have invited their stars to KD meeting, trying to sell him on Big 4. Chris Paul Blake Griffin. Kevin Dura ",0.0,0.1
"Multiple Clippers sources indicate Chris Paul, Blake Griffin and DeAndre Jordan have been invited to Friday's meeting wit ",0.0,0.0
"LeBron James, Chris Paul, &amp; Dwyane Wade enjoying their time on a boat. #BrothersForLife",0.5,0.6
"LeBron James, Chris Paul, &amp; Dwyane Wade enjoying their time on a boat. #BrothersForLife",0.5,0.6
"Dwyane Wade, Chris Paul, &amp; LeBron James partying it up on a boat! #Brothers #Clippers #Heat #Cavs",0.0,0.0
"LeBron James, Dwyane Wade, and Chris Paul on vacation together.",0.0,0.0
"lebron, d-wade &amp; chris paul lil yacht party was seriously goals af",-0.3333333333333333,0.6666666666666666
"LeBron James, Chris Paul, &amp; Dwyane Wade enjoying their time on a boat. #BrothersForLife",0.5,0.6
What I took from this video -Chris Paul still ain't got no ring - gabrielle union be wildin -they're just like us https ,0.0,0.0
"LeBron James, Dwyane Wade, and Chris Paul on vacation together.",0.0,0.0
What I took from this video -Chris Paul still ain't got no ring - gabrielle union be wildin -they're just like us https ,0.0,0.0
"LeBron James, Dwyane Wade, and Chris Paul on vacation together.",0.0,0.0
"LeBron James, Chris Paul, &amp; Dwyane Wade enjoying their time on a boat. #BrothersForLife",0.5,0.6
"""I can hit them mall and ball like Chris Paul",0.0,0.0
"LeBron James, Chris Paul, &amp; Dwyane Wade enjoying their time on a boat. #BrothersForLife",0.5,0.6
"#BlackWivesMatter LeBron James, Chris Paul, &amp; Dwyane Wade enjoying their time on vacation",0.5,0.6
"Boringgg LeBron James, Chris Paul, &amp; Dwyane Wade enjoying their time on vacation",0.5,0.6
"LeBron James, Chris Paul, &amp; Dwyane Wade enjoying their time on a boat. #BrothersForLife",0.5,0.6
Lmao Chris Paul..,0.6,1.0
"LeBron James, Chris Paul, &amp; Dwyane Wade enjoying their time on a boat. #BrothersForLife",0.5,0.6
"LeBron James, Dwyane Wade, and Chris Paul on vacation together.",0.0,0.0
"(Videos) NBA: Dwyane Wade, LeBron James, Chris Paul &amp; Their Wives Have a Funny Couples Retreat...",0.25,1.0
Tier 2 Kevin Durant Russell Westbrook Steph Curry Kawhi Leonard Chris Paul,0.0,0.0
"Dwade,Lebron,melo,and Chris Paul are squad goals Forreal",0.0,0.0
"LeBron James, Dwyane Wade, and Chris Paul on vacation together.",0.0,0.0
"LeBron James, Dwyane Wade, and Chris Paul on vacation together.",0.0,0.0
"LeBron James, Chris Paul, &amp; Dwyane Wade enjoying their time on a boat. #BrothersForLife",0.5,0.6
What I took from this video -Chris Paul still ain't got no ring - gabrielle union be wildin -they're just like us https ,0.0,0.0
"Dope LeBron James, Chris Paul, &amp; Dwyane Wade enjoying their time on vacation",0.5,0.6
"(Videos) NBA: Dwyane Wade, LeBron James, Chris Paul &amp; Their Wives Have a Funny Couples Retreat...",0.25,1.0
"LeBron James, Chris Paul, &amp; Dwyane Wade enjoying their time on a boat. #BrothersForLife",0.5,0.6
"LeBron James, Dwyane Wade, and Chris Paul on vacation together.",0.0,0.0
"LeBron James, Chris Paul, &amp; Dwyane Wade enjoying their time on a boat. #BrothersForLife",0.5,0.6
"LeBron James, Dwyane Wade, and Chris Paul on vacation together.",0.0,0.0
"The Clippers have invited their stars to KD meeting, trying to sell him on Big 4. Chris Paul Blake Griffin DeAndre Jordan ",0.0,0.1
I Feel Like Bron,0.0,0.0
"The Clippers have invited their stars to KD meeting, trying to sell him on Big 4. Chris Paul Blake Griffin. Kevin Dura ",0.0,0.1
"LeBron James, Chris Paul, &amp; Dwyane Wade enjoying their time on a boat. #BrothersForLife",0.5,0.6
"LeBron James, Dwyane Wade, and Chris Paul on vacation together.",0.0,0.0
"The Clippers have invited their stars to KD meeting, trying to sell him on Big 4. Chris Paul Blake Griffin DeAndre Jordan ",0.0,0.1
"LeBron James, Dwyane Wade, and Chris Paul on vacation together.",0.0,0.0
"LeBron James, Chris Paul, &amp; Dwyane Wade enjoying their time on a boat. #BrothersForLife",0.5,0.6
"LeBron James, Dwyane Wade, and Chris Paul on vacation together.",0.0,0.0
"That video of LeBron, Savannah, Gabby,D Wade, and Chris Paul with his wife is everything.",0.0,0.0
"Chris Paul, DeAndre Jordan and Blake Griffin have been invited to the KD meeting for the Clippers. Plan on pitching Big 4.",0.0,0.1
"LeBron James, Dwyane Wade, and Chris Paul on vacation together.",0.0,0.0
"LeBron James, Dwyane Wade, and Chris Paul on vacation together.",0.0,0.0
I can hit the mall and ball like Chris Paul  ,0.0,0.0
"Aaaw, look at 'em. Chris Paul, D-Wade and LeBron with their spouses on vacation.",0.0,0.0
"The Clippers have invited their stars to KD meeting, trying to sell him on Big 4. Chris Paul Blake Griffin DeAndre Jordan ",0.0,0.1
"LeBron James, Dwyane Wade, and Chris Paul Are Snapchatting Their Vacation, and It s Amazing | Complex #SmartNews",0.15000000000000005,0.65
"LeBron James, Dwyane Wade, and Chris Paul on vacation together.",0.0,0.0
"LeBron James, Dwyane Wade, and Chris Paul on vacation together.",0.0,0.0
"LeBron James, Chris Paul, &amp; Dwyane Wade enjoying their time on a boat. #BrothersForLife",0.5,0.6
"LeBron James, Chris Paul, &amp; Dwyane Wade enjoying their time on a boat. #BrothersForLife",0.5,0.6
What I took from this video -Chris Paul still ain't got no ring - gabrielle union be wildin -they're just like us https ,0.0,0.0
"Report: The Los Angeles Clippers will have Chris Paul, Blake Griffin and DeAndre Jordan present at their meeting with Kevin ",0.0,0.0
"LeBron James, Chris Paul, &amp; Dwyane Wade enjoying their time on a boat. #BrothersForLife",0.5,0.6
"LeBron James, Chris Paul, &amp; Dwyane Wade enjoying their time on a boat. #BrothersForLife",0.5,0.6
Chris Paul,_____________,_______________
Draymond Green eats his words in latest #GameOfZones Download Team Stream for full episode: ht ,0.21666666666666665,0.5833333333333334
Kevin Durant confronts Draymond Green after the NBA Finals in the newest episode of #GameOfZones,-0.2,0.3
Kevin Durant confronts Draymond Green after the NBA Finals in the newest episode of #GameOfZones,-0.2,0.3
Kevin Durant confronts Draymond Green after the NBA Finals in the newest episode of #GameOfZones,-0.2,0.3
Kevin Durant confronts Draymond Green after the NBA Finals in the newest episode of #GameOfZones,-0.2,0.3
Draymond Green will lace up an all-new Nike basketball shoe for the Olympics,-0.2,0.3
VIN DIESEL IS THE DRAYMOND GREEN OF ACTORS. SO VERSATILE AND HE'S NOT ABOVE THROWING PUNCHES AND HE'S A GODDAMN WARRIOR. #HotMovieReviewTake,-0.1,0.2
Kevin Durant confronts Draymond Green after the NBA Finals in the newest episode of #GameOfZones,-0.2,0.3
"Dan gets excited talking dfs, was afraid he was going to Draymond Green me.",-0.14166666666666666,0.65
Kevin Durant confronts Draymond Green after the NBA Finals in the newest episode of #GameOfZones,-0.2,0.3
Kevin Durant confronts Draymond Green after the NBA Finals in the newest episode of #GameOfZones,-0.2,0.3
Draymond Green eats his words in latest #GameOfZones Download Team Stream for full episode: ht ,0.21666666666666665,0.5833333333333334
Draymond Green still looks salty.,-0.2,0.3
"OKC meets with Kevin Durant; Warriors up next: All-Stars Stephen Curry, Draymond Green and Klay Thompson are ...",-0.1,0.15
Kevin Durant confronts Draymond Green after the NBA Finals in the newest episode of #GameOfZones,-0.2,0.3
"#DraymondGreen Klay Thompson, Draymond Green and Harrison Barnes to play for Team USA",-0.2,0.3
Kevin Durant confronts Draymond Green after the NBA Finals in the newest episode of #GameOfZones,-0.2,0.3
Kevin Durant confronts Draymond Green after the NBA Finals in the newest episode of #GameOfZones,-0.2,0.3
Kevin Durant confronts Draymond Green after the NBA Finals in the newest episode of #GameOfZones,-0.2,0.3
Kevin Durant confronts Draymond Green after the NBA Finals in the newest episode of #GameOfZones,-0.2,0.3
Kevin Durant confronts Draymond Green after the NBA Finals in the newest episode of #GameOfZones,-0.2,0.3
Kevin Durant confronts Draymond Green after the NBA Finals in the newest episode of #GameOfZones,-0.2,0.3
Tier 3 Kyrie Irving Draymond Green Paul George DeMarcus Cousins James Harden Damian Lillard Anthony Davis John Wall ,-0.2,0.3
"Four years ago, the Warriors selected Harrison Barnes, Festus Ezeli &amp; Draymond Green in the 2012 NBA Draft.",-0.2,0.3
why's Draymond trying so hard to be Danny Green?,-0.24583333333333335,0.4208333333333333
Kevin Durant confronts Draymond Green after the NBA Finals in the newest episode of #GameOfZones,-0.2,0.3
tiago splitter,0.0,0.0
Look just like draymond green   ,-0.2,0.3
Kevin Durant confronts Draymond Green after the NBA Finals in the newest episode of #GameOfZones,-0.2,0.3
"Draymond Green is now the registered owner to the trademark ""Money Green.""",-0.2,0.3
Kevin Durant confronts Draymond Green after the NBA Finals in the newest episode of #GameOfZones,-0.2,0.3
Kevin Durant confronts Draymond Green after the NBA Finals in the newest episode of #GameOfZones,-0.2,0.3
Kevin Durant confronts Draymond Green after the NBA Finals in the newest episode of #GameOfZones,-0.2,0.3
Kevin Durant confronts Draymond Green after the NBA Finals in the newest episode of #GameOfZones,-0.2,0.3
Kevin Durant confronts Draymond Green after the NBA Finals in the newest episode of #GameOfZones,-0.2,0.3
Kevin Durant confronts Draymond Green after the NBA Finals in the newest episode of #GameOfZones,-0.2,0.3
Kevin Durant confronts Draymond Green after the NBA Finals in the newest episode of #GameOfZones,-0.2,0.3
Kevin Durant confronts Draymond Green after the NBA Finals in the newest episode of #GameOfZones,-0.2,0.3
Kevin Durant confronts Draymond Green after the NBA Finals in the newest episode of #GameOfZones,-0.2,0.3
Kevin Durant confronts Draymond Green after the NBA Finals in the newest episode of #GameOfZones,-0.2,0.3
Kevin Durant confronts Draymond Green after the NBA Finals in the newest episode of #GameOfZones,-0.2,0.3
Kevin Durant confronts Draymond Green after the NBA Finals in the newest episode of #GameOfZones,-0.2,0.3
Kevin Durant confronts Draymond Green after the NBA Finals in the newest episode of #GameOfZones,-0.2,0.3
Kevin Durant confronts Draymond Green after the NBA Finals in the newest episode of #GameOfZones,-0.2,0.3
Kevin Durant confronts Draymond Green after the NBA Finals in the newest episode of #GameOfZones,-0.2,0.3
Kevin Durant confronts Draymond Green after the NBA Finals in the newest episode of #GameOfZones,-0.2,0.3
Kevin Durant confronts Draymond Green after the NBA Finals in the newest episode of #GameOfZones,-0.2,0.3
Kevin Durant confronts Draymond Green after the NBA Finals in the newest episode of #GameOfZones,-0.2,0.3
Kevin Durant confronts Draymond Green after the NBA Finals in the newest episode of #GameOfZones,-0.2,0.3
Kevin Durant confronts Draymond Green after the NBA Finals in the newest episode of #GameOfZones,-0.2,0.3
Kevin Durant confronts Draymond Green after the NBA Finals in the newest episode of #GameOfZones,-0.2,0.3
Kevin Durant confronts Draymond Green after the NBA Finals in the newest episode of #GameOfZones,-0.2,0.3
Kevin Durant confronts Draymond Green after the NBA Finals in the newest episode of #GameOfZones,-0.2,0.3
True or false? was b4 Draymond Green was Draymond Green #nba,-0.11250000000000003,0.4625
Kevin Durant confronts Draymond Green after the NBA Finals in the newest episode of #GameOfZones,-0.2,0.3
Kevin Durant confronts Draymond Green after the NBA Finals in the newest episode of #GameOfZones,-0.2,0.3
Kevin Durant confronts Draymond Green after the NBA Finals in the newest episode of #GameOfZones,-0.2,0.3
Throwback to when Draymond Green tried to play TE at Michigan State   ,-0.2,0.3
Draymond Green on Who Has the Best Sneakers on the Warriors,0.4,0.3
Kevin Durant confronts Draymond Green after the NBA Finals in the newest episode of #GameOfZones,-0.2,0.3
"Draymond Green is the best, what are you talking about?   ",0.4,0.3
Kevin Durant confronts Draymond Green after the NBA Finals in the newest episode of #GameOfZones,-0.2,0.3
Kevin Durant confronts Draymond Green after the NBA Finals in the newest episode of #GameOfZones,-0.2,0.3
Kevin Durant confronts Draymond Green after the NBA Finals in the newest episode of #GameOfZones,-0.2,0.3
Draymond Green has 22 points 6 rebounds 5 assists at halftime.,-0.2,0.3
I liked a video Cavs Fan Draymond Green We Suck Remix,0.19999999999999998,0.55
danny green,-0.2,0.3
Kevin Durant confronts Draymond Green after the NBA Finals in the newest episode of #GameOfZones,-0.2,0.3
Kevin Durant confronts Draymond Green after the NBA Finals in the newest episode of #GameOfZones,-0.2,0.3
Kevin Durant confronts Draymond Green after the NBA Finals in the newest episode of #GameOfZones,-0.2,0.3
Kevin Durant confronts Draymond Green after the NBA Finals in the newest episode of #GameOfZones,-0.2,0.3
Kevin Durant confronts Draymond Green after the NBA Finals in the newest episode of #GameOfZones,-0.2,0.3
Kevin Durant confronts Draymond Green after the NBA Finals in the newest episode of #GameOfZones,-0.2,0.3
Draymond green came to 12 oaks two days this week   and not many people realized who he was until after the fact,-0.225,0.4
I liked a video Draymond Green Nope!,0.175,0.55
Kevin Durant confronts Draymond Green after the NBA Finals in the newest episode of #GameOfZones,-0.2,0.3
Kevin Durant confronts Draymond Green after the NBA Finals in the newest episode of #GameOfZones,-0.2,0.3
"Draymond Green is now the registered owner to the trademark ""Money Green.""",-0.2,0.3
Kevin Durant confronts Draymond Green after the NBA Finals in the newest episode of #GameOfZones,-0.2,0.3
Kevin Durant confronts Draymond Green after the NBA Finals in the newest episode of #GameOfZones,-0.2,0.3
"Watch: LeBron James, Draymond Green recap NBA playoffs: There was no love lost between the two players in the...",-0.225,0.44999999999999996
Zach Lavine Gerald Green James Johnson Draymond Green Deandre Jordan,-0.2,0.3
Kevin Durant confronts Draymond Green after the NBA Finals in the newest episode of #GameOfZones,-0.2,0.3
Kevin Durant confronts Draymond Green after the NBA Finals in the newest episode of #GameOfZones,-0.2,0.3
Kevin Durant confronts Draymond Green after the NBA Finals in the newest episode of #GameOfZones,-0.2,0.3
Finals loss will 'never wear off' but ready for Rio,0.2,0.5
Kevin Durant confronts Draymond Green after the NBA Finals in the newest episode of #GameOfZones,-0.2,0.3
Kevin Durant confronts Draymond Green after the NBA Finals in the newest episode of #GameOfZones,-0.2,0.3
Kevin Durant confronts Draymond Green after the NBA Finals in the newest episode of #GameOfZones,-0.2,0.3
"OKC meets with Kevin Durant; Warriors up next: Warriors All-Stars Stephen Curry, Draymond Green and Klay Thom...",-0.1,0.15
Kevin Durant confronts Draymond Green after the NBA Finals in the newest episode of #GameOfZones,-0.2,0.3
Kevin Durant confronts Draymond Green after the NBA Finals in the newest episode of #GameOfZones,-0.2,0.3
I had to bake yo ahh for that draymond green roast,-0.2,0.3
you snapchat Draymond Green?,-0.2,0.3
Kevin Durant confronts Draymond Green after the NBA Finals in the newest episode of #GameOfZones,-0.2,0.3
Kevin Durant confronts Draymond Green after the NBA Finals in the newest episode of #GameOfZones,-0.2,0.3
Kevin Durant confronts Draymond Green after the NBA Finals in the newest episode of #GameOfZones,-0.2,0.3
Kevin Durant confronts Draymond Green after the NBA Finals in the newest episode of #GameOfZones,-0.2,0.3
you look like Draymond Green little swole brother,-0.19375,0.4
.@Money23Green will wear these at the Olympics:,0.0,0.0
Draymond Green,_____________,_______________
Chandler Parsons will reportedly meet with the Blazers and Damian Lillard in free agency,0.4,0.8
The Blazers are meeting with Chandler Parsons tomorrow. Damian Lillard will be at the meeting to help recruitment reports ,0.0,0.0
The Blazers are meeting with Chandler Parsons tomorrow. Damian Lillard will be at the meeting to help recruitment reports ,0.0,0.0
Chandler Parsons will reportedly meet with the Blazers and Damian Lillard in free agency,0.4,0.8
"Per CSNNW, Damian Lillard said Neil Olshey has briefed him on FA plans &amp; it left him feeling ""excited"".",0.1875,0.375
72. I completely forgot about this... Damian Lillard's 51 point game against the Warriors + a blowout.,-0.15000000000000002,0.4
Damian Lillard 'excited' about Trail Blazers free agent plan: 'It's just a matter of how bad (they) want to be here',0.02500000000000006,0.7388888888888889
The Blazers are meeting with Chandler Parsons tomorrow. Damian Lillard will be at the meeting to help recruitment reports ,0.0,0.0
72. I completely forgot about this... Damian Lillard's 51 point game against the Warriors + a blowout.,-0.15000000000000002,0.4
72. I completely forgot about this... Damian Lillard's 51 point game against the Warriors + a blowout.,-0.15000000000000002,0.4
"Per CSNNW, Damian Lillard said Neil Olshey has briefed him on FA plans &amp; it left him feeling ""excited"".",0.1875,0.375
had to learn how good I was with Damian Lillard the hard way,0.20416666666666664,0.5708333333333333
Chandler Parsons will reportedly meet with the Blazers and Damian Lillard in free agency,0.4,0.8
"Per CSNNW, Damian Lillard said Neil Olshey has briefed him on FA plans &amp; it left him feeling ""excited"".",0.1875,0.375
Chandler Parsons will reportedly meet with the Blazers and Damian Lillard in free agency,0.4,0.8
The Portland Trailblazers are meeting with Chandler Parsons tomorrow. Damian Lillard will be at the meeting to help the recr ,0.0,0.0
Foot injury swayed Lillard from Olympics bid: Damian Lillard seemed in his element Thursday at the Beaverton ...,0.0,0.0
The Blazers are meeting with Chandler Parsons tomorrow. Damian Lillard will be at the meeting to help recruitment reports ,0.0,0.0
The Blazers are meeting with Chandler Parsons tomorrow. Damian Lillard will be at the meeting to help recruitment reports ,0.0,0.0
Tier 3 Kyrie Irving Draymond Green Paul George DeMarcus Cousins James Harden Damian Lillard Anthony Davis John Wall ,-0.2,0.3
Chandler Parsons will reportedly meet with the Blazers and Damian Lillard in free agency,0.4,0.8
"Per CSNNW, Damian Lillard said Neil Olshey has briefed him on FA plans &amp; it left him feeling ""excited"".",0.1875,0.375
  Ready For It (feat. )[Prod. by ],0.2,0.5
  Ready For It (feat. )[Prod. by ],0.2,0.5
  Ready For It (feat. )[Prod. by ],0.2,0.5
  Ready For It (feat. )[Prod. by ],0.2,0.5
Chandler Parsons will reportedly meet with the Blazers and Damian Lillard in free agency,0.4,0.8
"Per CSNNW, Damian Lillard said Neil Olshey has briefed him on FA plans &amp; it left him feeling ""excited"".",0.1875,0.375
Blazers will meet with Chandler Parsons tomorrow. Damian Lillard will be present (via ),0.0,0.0
"Portland to meet with Chandler Parsons in LA on July 1st with Damian Lillard in attendance, per",0.0,0.0
Foot injury swayed Lillard from Olympics bid: Damian Lillard seemed in his element Thursday at the Beaverton ...,0.0,0.0
Chandler Parsons will reportedly meet with the Blazers and Damian Lillard in free agency,0.4,0.8
The Portland Trailblazers are meeting with Chandler Parsons tomorrow. Damian Lillard will be at the meeting to help the recr ,0.0,0.0
The Portland Trailblazers are meeting with Chandler Parsons tomorrow. Damian Lillard will be at the meeting to help the recr ,0.0,0.0
The Blazers are meeting with Chandler Parsons tomorrow. Damian Lillard will be at the meeting to help recruitment reports ,0.0,0.0
Chandler Parsons will reportedly meet with the Blazers and Damian Lillard in free agency,0.4,0.8
The Blazers are meeting with Chandler Parsons tomorrow. Damian Lillard will be at the meeting to help recruitment reports ,0.0,0.0
Chandler Parsons will meet with the Blazers. Damian Lillard will be at the meeting to help recruit!,0.0,0.0
Chandler Parsons will reportedly meet with the Blazers and Damian Lillard in free agency,0.4,0.8
Chandler Parsons will reportedly meet with the Blazers and Damian Lillard in free agency,0.4,0.8
The Blazers are meeting with Chandler Parsons tomorrow. Damian Lillard will be at the meeting to help recruitment reports ,0.0,0.0
Chandler Parsons will reportedly meet with the Blazers and Damian Lillard in free agency,0.4,0.8
Chandler Parsons will reportedly meet with the Blazers and Damian Lillard in free agency,0.4,0.8
"Per CSNNW, Damian Lillard said Neil Olshey has briefed him on FA plans &amp; it left him feeling ""excited"".",0.1875,0.375
The Blazers are meeting with Chandler Parsons tomorrow. Damian Lillard will be at the meeting to help recruitment reports ,0.0,0.0
Chandler Parsons will reportedly meet with the Blazers and Damian Lillard in free agency,0.4,0.8
"Per CSNNW, Damian Lillard said Neil Olshey has briefed him on FA plans &amp; it left him feeling ""excited"".",0.1875,0.375
The Blazers are meeting with Chandler Parsons tomorrow. Damian Lillard will be at the meeting to help recruitment reports ,0.0,0.0
Chandler Parsons will reportedly meet with the Blazers and Damian Lillard in free agency,0.4,0.8
"Per CSNNW, Damian Lillard said Neil Olshey has briefed him on FA plans &amp; it left him feeling ""excited"".",0.1875,0.375
The Blazers are meeting with Chandler Parsons tomorrow. Damian Lillard will be at the meeting to help recruitment reports ,0.0,0.0
Chandler Parsons will reportedly meet with the Blazers and Damian Lillard in free agency,0.4,0.8
"team with damian lillard, joakim noah, Vegeta, Trey ebert, and Damian Bates",0.0,0.0
"Portland to meet with Dallas free agent Chandler Parsons in LA on July 1 with Damian Lillard in attendance, sources infor ",0.4,0.8
Chandler Parsons will reportedly meet with the Blazers and Damian Lillard in free agency,0.4,0.8
"Per CSNNW, Damian Lillard said Neil Olshey has briefed him on FA plans &amp; it left him feeling ""excited"".",0.1875,0.375
The Blazers are meeting with Chandler Parsons tomorrow. Damian Lillard will be at the meeting to help recruitment reports ,0.0,0.0
Chandler Parsons will reportedly meet with the Blazers and Damian Lillard in free agency,0.4,0.8
"Per CSNNW, Damian Lillard said Neil Olshey has briefed him on FA plans &amp; it left him feeling ""excited"".",0.1875,0.375
The Portland Trailblazers are meeting with Chandler Parsons tomorrow. Damian Lillard will be at the meeting to help the recr ,0.0,0.0
The Portland Trailblazers are meeting with Chandler Parsons tomorrow. Damian Lillard will be at the meeting to help the recr ,0.0,0.0
"Per CSNNW, Damian Lillard said Neil Olshey has briefed him on FA plans &amp; it left him feeling ""excited"".",0.1875,0.375
Damian Lillard says there are free agents that could take Trail Blazers to 'the next level',0.2,0.4
Blazers will meet with Chandler Parsons tomorrow. Damian Lillard will be present (via ),0.0,0.0
Chandler Parsons will reportedly meet with the Blazers and Damian Lillard in free agency,0.4,0.8
Blazers will meet with Chandler Parsons tomorrow. Damian Lillard will be present (via ),0.0,0.0
Damian Lillard gets PAID!!!!,0.0,0.0
72. I completely forgot about this... Damian Lillard's 51 point game against the Warriors + a blowout.,-0.15000000000000002,0.4
The Blazers are meeting with Chandler Parsons tomorrow. Damian Lillard will be at the meeting to help recruitment reports ,0.0,0.0
Dame Dolla is droppin  more than just dimes,0.5,0.5
Chandler Parsons will meet with the Blazers. Damian Lillard will be at the meeting to help recruit!,0.0,0.0
The Blazers are meeting with Chandler Parsons tomorrow. Damian Lillard will be at the meeting to help recruitment reports ,0.0,0.0
Chandler Parsons will reportedly meet with the Blazers and Damian Lillard in free agency,0.4,0.8
72. I completely forgot about this... Damian Lillard's 51 point game against the Warriors + a blowout.,-0.15000000000000002,0.4
Chandler Parsons will reportedly meet with the Blazers and Damian Lillard in free agency,0.4,0.8
The Blazers are meeting with Chandler Parsons tomorrow. Damian Lillard will be at the meeting to help recruitment reports ,0.0,0.0
Chandler Parsons will reportedly meet with the Blazers and Damian Lillard in free agency,0.4,0.8
72. I completely forgot about this... Damian Lillard's 51 point game against the Warriors + a blowout.,-0.15000000000000002,0.4
Chandler Parsons will reportedly meet with the Blazers and Damian Lillard in free agency,0.4,0.8
Chandler Parsons will meet with the Blazers. Damian Lillard will be at the meeting to help recruit!,0.0,0.0
Chandler Parsons will reportedly meet with the Blazers and Damian Lillard in free agency,0.4,0.8
The Portland Trailblazers are meeting with Chandler Parsons tomorrow. Damian Lillard will be at the meeting to help the rec ,0.0,0.0
Damian Lillard says there are free agents that could take Portland Trail Blazers to 'the next level' -...,0.2,0.4
Chandler Parsons will meet with the Blazers. Damian Lillard will be at the meeting to help recruit!,0.0,0.0
Blazers will meet with Chandler Parsons tomorrow. Damian Lillard will be present (via ),0.0,0.0
The Blazers are meeting with Chandler Parsons tomorrow. Damian Lillard will be at the meeting to help recruitment reports ,0.0,0.0
#TrailBlazers #Blazers superstar PG-SG Damian LIllard said he'll be involved in talking with FAs.,0.0,0.0
Chandler Parsons will reportedly meet with the Blazers and Damian Lillard in free agency,0.4,0.8
72. I completely forgot about this... Damian Lillard's 51 point game against the Warriors + a blowout.,-0.15000000000000002,0.4
72. I completely forgot about this... Damian Lillard's 51 point game against the Warriors + a blowout.,-0.15000000000000002,0.4
Via B/R: Blazers and Chandler Parsons will meet July 1. Damian Lillard will be in attendance. #nba #nbanews...,0.0,0.0
The Portland Trailblazers are meeting with Chandler Parsons tomorrow. Damian Lillard will be at the meeting to help the recr ,0.0,0.0
"Free Agent Chandler Parsons To Meet With Damian Lillard, Bla... #TrailBlazers",0.4,0.8
"Same code that is used to LeBron, Serena, Iverson, Damian Lillard, and others. Black athletes are allowed to have other i ",-0.09722222222222221,0.3111111111111111
Chandler Parsons will reportedly meet with the Blazers and Damian Lillard in free agency,0.4,0.8
Chandler Parsons will reportedly meet with the Blazers and Damian Lillard in free agency,0.4,0.8
Chandler Parsons will reportedly meet with the Blazers and Damian Lillard in free agency,0.4,0.8
72. I completely forgot about this... Damian Lillard's 51 point game against the Warriors + a blowout.,-0.15000000000000002,0.4
The Blazers are meeting with Chandler Parsons tomorrow. Damian Lillard will be at the meeting to help recruitment reports ,0.0,0.0
72. I completely forgot about this... Damian Lillard's 51 point game against the Warriors + a blowout.,-0.15000000000000002,0.4
Damian Lillard,_____________,_______________
James Harden is a savage     ,0.0,0.0
JAMES HARDEN A FOOL FOR THIS,0.0,0.0
Athlete to Celebrity: Is James Harden adidas' Most Important Signee?,0.45,0.75
Have James Harden sign my Nike slides n send em back to me?,0.0,0.0
Have James Harden sign my Nike slides n send em back to me?,0.0,0.0
Also - Weber for PK almost made my brain explode. I can't even come up with an NBA equivalent of that trade. Klay Thompson ,0.0,0.0
James Harden is a savage     ,0.0,0.0
E: 60 with James Harden and Penny   ,0.0,0.0
I get I look like James harden twice a day . .,0.0,0.0
James Harden is a fool for this one,0.0,0.0
Sports Illustrated Top 10 Defenders.. I was like.. where's James Harden?    #UsapangBasketbol DJ,0.5,0.5
"Naturally, James Harden blew away the rest of the NBA in step-back attempts",0.1,0.4
James Harden is a fool for this.,0.0,0.0
Tier 3 Kyrie Irving Draymond Green Paul George DeMarcus Cousins James Harden Damian Lillard Anthony Davis John Wall ,-0.2,0.3
"Naturally, James Harden blew away the rest of the NBA in step-back attempts",0.1,0.4
James Harden did this kid dirty   ,-0.6,0.8
WHAT HAPPENED TO JAMES HARDEN?!!! - NBA 2K16 1v1s: via,0.0,0.0
James Harden is a fool for this one,0.0,0.0
"Naturally, James Harden blew away the rest of the NBA in step-back attempts",0.1,0.4
Athlete to Celebrity: Is James Harden adidas' Most Important Signee?,0.45,0.75
"I added a video to a playlist James Harden Full Highlights 2014.12.17 at Nuggets - 41 Pts, 10",0.35,0.55
James Harden has no chill    (via,0.0,0.0
Athlete to Celebrity: Is James Harden adidas' Most Important Signee?,0.45,0.75
James Harden shows why you should always keep your eye on the ball      (via,0.0,0.0
"Naturally, James Harden blew away the rest of the NBA in step-back attempts",0.1,0.4
James Harden is a fool for this one,0.0,0.0
Athlete to Celebrity: Is James Harden adidas' Most Important Signee?,0.45,0.75
James Harden is a savage     ,0.0,0.0
Thunder tweaked not keeping James harden,0.0,0.0
James harden with the step back... #197 times,0.0,0.0
Is James Harden Adidas' most important signee?,0.45,0.75
James Harden is a savage     ,0.0,0.0
Is James Harden Adidas' most important signee?,0.45,0.75
I love James Harden. One of my favorite players in the league... But my god play some defense man,0.5,0.8
James Harden is a fool for this.,0.0,0.0
James Harden   ,0.0,0.0
James Harden E60 dope.,0.0,0.0
James Harden   ,0.0,0.0
"Damn, Thunder did James Harden dirty",-0.6,0.8
Athlete to Celebrity: Is James Harden adidas' Most Important Signee?,0.45,0.75
James Harden is a fool for this one,0.0,0.0
Athlete to Celebrity: Is James Harden adidas' Most Important Signee?,0.45,0.75
Athlete to Celebrity: Is James Harden adidas' Most Important Signee?,0.45,0.75
James Harden is a fool for this.,0.0,0.0
"Naturally, James Harden blew away the rest of the NBA in step-back attempts",0.1,0.4
"Naturally, James Harden blew away the rest of the NBA in step-back attempts",0.1,0.4
James Harden is a savage     ,0.0,0.0
Is James Harden Adidas' most important signee?,0.45,0.75
"Naturally, James Harden blew away the rest of the NBA in step-back attempts",0.1,0.4
"Naturally, James Harden blew away the rest of the NBA in step-back attempts",0.1,0.4
Is James Harden Adidas' most important signee?,0.45,0.75
Only as a bench plsyer is he worth it imo...dude play James Harden type Defense,0.15,0.55
James Harden a fool for this  ,0.0,0.0
That time James Harden got his ankles broken by a Nigerian #ThrowbackThursday,-0.4,0.4
That time James Harden got his ankles broken by a Nigerian #ThrowbackThursday,-0.4,0.4
That time James Harden got his ankles broken by a Nigerian #ThrowbackThursday,-0.4,0.4
James Harden is a savage     ,0.0,0.0
That time James Harden got his ankles broken by a Nigerian #ThrowbackThursday,-0.4,0.4
James Harden won 16' shaqtin a fool               ,0.0,0.0
James Harden is a fool for this one,0.0,0.0
James Harden is a fool for this.,0.0,0.0
James Harden's beard is too hairy #GreekGod,0.0,0.0
Also - Weber for PK almost made my brain explode. I can't even come up with an NBA equivalent of that trade. Klay Thompson ,0.0,0.0
James Harden.....Savage!,0.0,0.0
That time James Harden got his ankles broken by a Nigerian #ThrowbackThursday,-0.4,0.4
James Harden.....messing with kids at his camp. Savage.    (via Mike Goldfarb),0.0,0.0
James Harden is a fool for this one,0.0,0.0
James Harden.....Savage!,0.0,0.0
James Harden.....Savage!,0.0,0.0
they came in 2013 and I met James Harden djdndn,0.0,0.0
"Naturally, James Harden blew away the rest of the NBA in step-back attempts",0.1,0.4
"Naturally, James Harden blew away the rest of the NBA in step-back attempts",0.1,0.4
That time James Harden got his ankles broken by a Nigerian #ThrowbackThursday,-0.4,0.4
James Harden nasty game winner against the Suns!,-0.75,0.7
I'm James harden on defense if she guarding me,0.0,0.0
James Harden is a fool for this.,0.0,0.0
"Naturally, James Harden blew away the rest of the NBA in step-back attempts",0.1,0.4
James Harden.....Savage!,0.0,0.0
James Harden is a fool for this.,0.0,0.0
James Harden is a savage     ,0.0,0.0
James Harden a fool for this,0.0,0.0
"Naturally, James Harden blew away the rest of the NBA in step-back attempts",0.1,0.4
James Harden is a fool for this.,0.0,0.0
James Harden is a fool for this one,0.0,0.0
James Harden a fool for this,0.0,0.0
"Naturally, James Harden blew away the rest of the NBA in step-back attempts",0.1,0.4
I liked a video from James Harden's Crew ROBBED NBA Player 15k in DIAMONDS ?,0.6,0.8
James Harden.....messing with kids at his camp. Savage.    (via Mike Goldfarb),0.0,0.0
"Naturally, James Harden blew away the rest of the NBA in step-back attempts",0.1,0.4
Thank you boss! Where my James harden at tho,0.0,0.0
That time James Harden got his ankles broken by a Nigerian #ThrowbackThursday,-0.4,0.4
James Harden.....messing with kids at his camp. Savage.    (via Mike Goldfarb),0.0,0.0
James Harden a fool for this  ,0.0,0.0
James Harden is a fool for this.,0.0,0.0
James Harden is a fool for this.,0.0,0.0
James Harden is a fool for this.,0.0,0.0
"2014-2015 James Harden took the Rockets to the W. Conf. Finals despite being down 3-1 to the Clippers Game 7: 31,8,7 https:/ ",-0.2777777777777778,0.34444444444444444
James Harden 2012-2016: 27.0 PPG on .605 TS% Dwayne Wade 2007-2011: Wade 26.9 PPG on .568 TS%,0.0,0.0
"James Harden 2014-15 season: 27.4 PPG, 7.0 AST, 5.7 REB MVP Stephen Curry: 23.8 PPG, 7.7 AST, 4.4 REB",0.0,0.0
James Harden,_____________,_______________
Kyle Lowry Klay Thompson Paul George KD Deandre Jordan That's my starting 5 for #teamUSA,0.0,0.1
call up CP3 while you at it and ask him how he let Kyle Lowry get farther in the playoffs than him..,0.0,0.0
Westbrook. Chris Paul is right above Kyle Lowry imo,0.14285714285714285,0.31785714285714284
"they sleep, that man dame is different. You see Kyle Lowry only kind of play good at home. Wtf he gone in Rio ? Lol",0.26666666666666666,0.7999999999999999
Harrison Barnes and Kyle Lowry should not be on that roster.,0.0,0.0
Harrison Barnes and Kyle Lowry should not be on that roster.,0.0,0.0
Replace Harrison Barnes with Gordon Hayward and Kyle Lowry with Damian Lillard.,0.0,0.0
Harrison Barnes and Kyle Lowry should not be on the Olympic team.,0.0,0.0
"Kyle Lowry,DeMar,Jonas &gt; any of the Knicks 3 you can put together. bench is better, way better offensive team   ",0.5,0.5
Athletes Whose Lives Should Be Made Into a Big-Budget Movie: If Kyle Lowry ever has a movie made for his life...,0.0,0.0
Crazylight 2016 helped land James Harden #adidasemployee,0.0,0.0
Bryan Colango HAS GOT to be smarter than to give Noel away for anyone other than Kyle Lowry. This Chess NOT checkers!!!,-0.244140625,0.375
Vinnie look like Kyle Lowry,0.0,0.0
"For Kyle Lowry?!?! Sure ,otherwise keep sipping!!!",0.9765625,0.8888888888888888
I'm still mad Kyle Lowry made that half court shot on us smh,-0.3958333333333333,0.5833333333333334
only if they wanna give up kyle lowry,0.0,1.0
"Kyle Lowry wins Easte #NBA, #Basketball, #Canadian basketball, #Toronto Raptors, #Raptors,",0.3,0.2
Ite Kyle Lowry,0.0,0.0
is Kyle Lowry able to play on the all time Grizzlies team??,0.5,0.625
Kyle Lowry fam,0.0,0.0
"KYLE LOWRY SCORES!!! Oh wait, I mean Lewandowski. #POL #EURO2016",-0.3125,0.6875
#KyleLowry chris paul andre iguodala kyle lowry,0.0,0.0
Kyle Lowry a clown     ,0.0,0.0
"Mike Conley a FA gonna be making lots of money coming off an injury plagued year, Kyle Lowry is arguably bes ",0.0,0.0
"#KyleLowry Who is the more EFFICIENT player, Kyrie Irving or Kyle Lowry",0.5,0.5
DeMar DeRozan &amp; Kyle Lowry are named to U.S. Olympic team. The #Raptors are 1 of 2 NBA teams with multiple players on the rost ,0.0,0.0
"#Raptors all-star guards DeMar DeRozan, Kyle Lowry officially named to U.S. Olympic team:",0.0,0.0
HB even though they're both wildly inconsistent Kyle Lowry is a better shooter,0.3,0.45
I think Harrison Barnes is more trash than Kyle Lowry...@_McKoy thinks otherwise..who's more trash? #QTNA,0.5,0.5
Someone said Jeff Teague was better than Kyle Lowry and i almost committed a sin,0.5,0.5
"Kyle Lowry writes a n #NBA, #Basketball, #Canadian basketball, #Toronto Raptors, #Raptors,",0.0,0.0
can't sleep so i gotta watch Kyle Lowry highlights.,0.0,0.0
U didn't enjoy Wade going back in time. Paul goerge bouncing back? Kyle Lowry being weird? How?,-0.024999999999999994,0.375
someone got Kyle Lowry tatted on their leg,0.0,0.0
"Mike Conley a FA gonna be making lots of money coming off an injury plagued year, Kyle Lowry is arguably best raptor ever",1.0,0.3
Kyle Lowry,0.0,0.0
"Kyle Lowry, Goran Dragic, Jeremy Lin, Steve Francis...you mean right now or historically?",-0.008928571428571433,0.4077380952380952
Tier 4 Blake Griffin LaMarcus Aldridge Kyle Lowry Jimmy Butler Dwayne Wade Karl-Anthony Towns Andre Drummond,0.0,0.0
"I know I'm late, but I would've taken Damian Lillard over Kyle Lowry",-0.3,0.6
Kyle Lowry     (Vine by THRILL),0.0,0.0
Demar Derozan and Kyle Lowry carrying that team,0.0,0.0
Why is Kyle Lowry not wearing the same shirt as everyone else lol!? #oneofthesethingsisnotliketheothers,0.5,0.4125
"I just throw up some bullshit sometimes, I call Kyle Lowry Dcups sand hate Harrison Barnes. Pretty much my Twitter",-0.11666666666666668,0.7000000000000001
First-time Olympian - USA #7 Kyle Lowry (@klow7) #UNITE #USABMNT,0.0,0.0
give us Kyle Lowry,0.0,0.0
"Shiit, how about Kyle Lowry locked up for 4 years, 48 million two years ago? He'd make double that this summer.",0.0,0.0
..so trade Kyle Lowry straight up for Mike Conley??,0.2,0.4
Kyle Lowry to the sixers,0.0,0.0
   If It Aint Kyle Lowry Or Derozan Ion Want Nobody On Det Team,0.0,0.0
If it ain't Kyle Lowry I'm good         .,0.7,0.6000000000000001
Kyle Lowry,0.0,0.0
Unless they want to Kyle Lowry back home!,0.0,0.0
"Unless you want to send Kyle Lowry back home - thanks, but no thanks!",0.025000000000000005,0.13333333333333333
Tier 4 Blake Griffin LaMarcus Aldridge Kyle Lowry Jimmy Butler Dwayne Wade Karl-Anthony Towns Andre Drummond,0.0,0.0
Trade Noel and something for Kyle Lowry,0.0,0.0
Everybody else put they hometown. Kyle Lowry ain't wanna put Philly    Drake really running the raptors     ,0.2,0.2
Totally forgot which Kyle Lowry this was for a minute,0.0,0.75
Kyle Lowry?,0.0,0.0
#KyleLowry Kyle Lowry named to USA Basketball Team,0.0,0.0
Follow me and receive a free signed kyle lowry jersey.... No scam.... I promise,0.4,0.8
Tier 4 Blake Griffin LaMarcus Aldridge Kyle Lowry Jimmy Butler Dwayne Wade Karl-Anthony Towns Andre Drummond,0.0,0.0
"Kyle Lowry joins La Salle's Michael Brooks (1980), Saint Joe's Mike Bantom (1972) as Big 5 players named to men's USA Olympi ",0.0,0.1
"Kyle Lowry joins La Salle's Michael Brooks (1980), Saint Joe's Mike Bantom (1972) as Big 5 players named to men's USA Olympi ",0.0,0.1
"Kyle Lowry joins La Salle's Michael Brooks (1980), Saint Joe's Mike Bantom (1972) as Big 5 players named to men's USA Olympic team ...",0.0,0.1
Tier 4 Blake Griffin LaMarcus Aldridge Kyle Lowry Jimmy Butler Dwayne Wade Karl-Anthony Towns Andre Drummond,0.0,0.0
Kyle Lowry is on Team USA and isn't? am I the only one who smells this BULLSHIT?   ,0.0,1.0
Tier 4 Blake Griffin LaMarcus Aldridge Kyle Lowry Jimmy Butler Dwayne Wade Karl-Anthony Towns Andre Drummond,0.0,0.0
Tier 4 Blake Griffin LaMarcus Aldridge Kyle Lowry Jimmy Butler Dwayne Wade Karl-Anthony Towns Andre Drummond,0.0,0.0
Villanova's Kyle Lowry is third Big 5 player ever named to a men's U.S. Olympic hoops team. Who were the other 2? ... Answer at 10 p.m.,-0.041666666666666664,0.15833333333333333
Tier 4 Blake Griffin LaMarcus Aldridge Kyle Lowry Jimmy Butler Dwayne Wade Karl-Anthony Towns Andre Drummond,0.0,0.0
Tier 4 Blake Griffin LaMarcus Aldridge Kyle Lowry Jimmy Butler Dwayne Wade Karl-Anthony Towns Andre Drummond,0.0,0.0
Tier 4 Blake Griffin LaMarcus Aldridge Kyle Lowry Jimmy Butler Dwayne Wade Karl-Anthony Towns Andre Drummond,0.0,0.0
Tier 4 Blake Griffin LaMarcus Aldridge Kyle Lowry Jimmy Butler Dwayne Wade Karl-Anthony Towns Andre Drummond,0.0,0.0
Kyle Lowry deserved a spot on a full strength dream team.,0.35,0.55
Tier 4 Blake Griffin LaMarcus Aldridge Kyle Lowry Jimmy Butler Dwayne Wade Karl-Anthony Towns Andre Drummond,0.0,0.0
Tier 4 Blake Griffin LaMarcus Aldridge Kyle Lowry Jimmy Butler Dwayne Wade Karl-Anthony Towns Andre Drummond,0.0,0.0
Tier 4 Blake Griffin LaMarcus Aldridge Kyle Lowry Jimmy Butler Dwayne Wade Karl-Anthony Towns Andre Drummond,0.0,0.0
"I know I'm late, but I would've taken Damian Lillard over Kyle Lowry",-0.3,0.6
#Tennis-Straight-Up.com: Kyle Lowry - Reportedly Accepts Spot on the USA's ...,0.0,0.0
Tier 4 Blake Griffin LaMarcus Aldridge Kyle Lowry Jimmy Butler Dwayne Wade Karl-Anthony Towns Andre Drummond,0.0,0.0
Tier 4 Blake Griffin LaMarcus Aldridge Kyle Lowry Jimmy Butler Dwayne Wade Karl-Anthony Towns Andre Drummond,0.0,0.0
Kyle Lowry is on Team USA and isn't? am I the only one who smells this BULLSHIT?   ,0.0,1.0
Kyle Lowry over Damian Lilliard for team USA. That's wild smh,0.1,0.4
I'm saving up like 200k you should tho I pulled Kyle Lowry too,0.0,0.0
Kyle Lowry is on Team USA and isn't? am I the only one who smells this BULLSHIT?   ,0.0,1.0
"Spo had this guy guarding Kyle Lowry one possession, then DeRozan the next, then Biyumbo",0.0,0.0
"Spo had this guy guarding Kyle Lowry one possession, then DeRozan the next, then Biyumbo",0.0,0.0
Kyle Lowry played for the Rockets for 4 seasons but they werent full. 218 games total. Eligible?,0.175,0.65
Kyle Lowry,0.0,0.0
The Best Passer on Team USA This Year Is Kyle Lowry...   ,1.0,0.3
Kevin Durant 2nd pick; Paul George 10th pick; Draymond Green 35th pick; Kyrie Irving 1st pick; DeAndre Jordan 35th pick; Kyle Lowry 24th,-0.1,0.15
Kyle Lowry,0.0,0.0
I would taken Damian lilard over Kyle Lowry any day,0.0,0.0
You seriously think Kyle Lowry is a better Basketball Player than Kawhi Leonard?? SIR.. You are an Ignorant!,0.14583333333333334,0.5833333333333333
"Breaking it Down: Kyl #NBA, #Basketball, #Canadian basketball, #Toronto Raptors, #Raptors,",-0.15555555555555559,0.2888888888888889
"Breaking it Down: Kyl #NBA, #Basketball, #Canadian basketball, #Toronto Raptors, #Raptors,",-0.15555555555555559,0.2888888888888889
"It took Kyle Lowry 9 years to be decent. Miss me with anything about him being top 5 PG, better than Kawhi, etc.",0.38888888888888884,0.5555555555555555
kyle Lowry 2.0,0.0,0.0
Kyle Lowry,_____________,_______________
